"ID","Type","Name","Documentation","Specialization"
"15603b4a-2055-4a4e-a5a8-bde62073c06c","ArchimateModel","Systems Engineering Process Model","*** Welcome to the Digital Systems Engineering Process Model - Product of INCOSE ***
Version: 1.0 (see changelog below)
Published: 18.04.2023

This report was generated by a model in HTML format. It serves as an interactive handbook, allowing users to click on individual processes to learn more about their purpose. By clicking on the blue square within each process, users can delve deeper to review the process's inputs, outputs, and definition.

Additionally, users have the option to execute SQL queries to obtain a subset of the database that underlies the report.

Landing page of the product: www.incose.org/process-model

Please take note of the Application and Copyright notes provided below.

Created by: Alexander Efremov, CSEP, SE-ZERT B
alexander.efremoff@gmail.com; https://www.linkedin.com/in/alexander-efremov-88b65b28/

*** Application notes ***
To navigate through the interactive process model, follow these steps:
1. In the ""Model Tree,"" expand ""Views"" and select the view titled ""01 - System Life Cycle Processes.""
2. To obtain a detailed description of the units within the model (including processes, inputs, and outputs), click on the unit of interest using the left mouse button.
3. To view the inputs and outputs associated with a specific process, click on the blue square located next to the process name.
4. To view the list of processes within the ""01 - System Life Cycle Processes"" view, click on the blue rectangle associated with this view.

To search for a specific unit within the process model, follow these steps:
1. In the ""Model Tree,"" expand ""Model Content - Business.""
2. Activate the search function in your browser by pressing Ctrl+F (for Windows).
3. Type the name of the unit you are searching for in the search bar.
4. Use the mouse to select the unit found by the search function.

To execute SQL queries within the process model, follow these steps:
1. Click on ""Query"" located under ""Systems Engineering Process Model.""
2. Type in your query. Please note that knowledge of the data structure of the Archi tool is required for this step. For more information on SQL queries in the HTML report, please see the Archi Wiki at https://github.com/archimatetool/archi/wiki/SQL-queries-in-the-HTML-report.

To contact the author or report an issue:
1. follow the link on GitHub: https://git.io/JTFMF
2. write an email to alexander.efremoff@gmail.com

*** Copyright notes ***
Different parts of this product have different copyright owners. Use of this product, is expressly subject to prior consent from the following parties: INCOSE, ISO or a national representative body, Wiley and the German Chapter of INCOSE GfSE e.V. (the “Consenting Parties”)
 
INCOSE grants permission, subject to consent from the additional Consenting Parties, on the following terms and conditions:
 
Author Use. Authors have full unfettered rights to use their contributions, with credit and attribution to the INCOSE Technical source, except with regard to abstraction, which requires additional credit to the source.
 
INCOSE Internal Use. Members of INCOSE are hereby permitted to reproduce and use this document, or parts thereof, including permission to prepare derivative works from this document for INCOSE’s internal use, with credit and attribution to INCOSE so long as this copyright notice is included with all reproductions and derivative works. 
 
INCOSE External Use. Sharing and reproduction of this document to non-affiliate third parties outside of INCOSE is permitted only when shared or reproduced in whole and not altered in any way. Any preparation of derivative works for external and/or commercial use is expressly prohibited unless otherwise granted in a separate written agreement between the end-user and INCOSE. Any external use not expressly permitted under this section shall be prior approved by INCOSE upon receipt of written request for the same sent to: INCOSE Central Office, 7670 Opportunity Road, Suite 220, San Diego, CA 92111-2222.
 
This product contains quotations from ISO/IEC/IEEE 15288:2015. © ISO. These quotations are reproduced with permission of the American National Standards Institute (ANSI) on behalf of the International Organization for Standardization. These quotations are explicitly marked with a copyright note. All rights reserved.
 
This product contains quotations from the Book ""INCOSE Systems Engineering Handbook: A Guide for System Life Cycle Processes and Activities, 4th Edition"", ISBN: 978-1-118-99940-0, published by  John Wiley & Sons, Inc., authored by David D. Walden, ESEP, Garry J. Roedler, ESEP, Kevin J. Forsberg, ESEP, R. Douglas Hamelin, Thomas M. Shortell, CSEP. Permission is granted by John Wiley & Sons, Inc. All rights reserved.

No part of this publication may be reproduced, stored in a retrieval system, or transmitted in any form or by any means, electronic, mechanical, photocopying, recording, scanning, or otherwise, except as permitted under Section 107 or 108 of the 1976 United States Copyright Act, without either the prior written permission of the Publisher, or authorization through payment of the appropriate per-copy fee to the Copyright Clearance Center, Inc., 222 Rosewood Drive, Danvers, MA 01923, (978) 750-8400, fax (978) 750-4470, or on the web at www.copyright.com. Requests to the Publisher for permission should be addressed to the Permissions Department, John Wiley & Sons, Inc., 111 River Street, Hoboken, NJ 07030, (201) 748-6011, fax (201) 748-6008, or online at http://www.wiley.com/go/permissions.
 
This product contains quotations from the German translation of the aforementioned Handbook: ""INCOSE Systems Engineering Handbuch: Ein Leitfaden für Systemlebenszyklus-Prozesse und -Aktivitäten"", ISBN: 978-3-9818805-0-2, published by John Wiley & Sons, Inc., Authors of the translation: Dr. David Endler, CSEP, SE-Zert® Level A Martin Geisreiter, ESEP. SE-Zert® Level A Rüdiger Kaffenberger, SE-Zert® Level A Jürgen Rambo. © Gesellschaft für Systems Engineering e.V.

This product was created using the Archi modelling tool (www.archimatetool.com), distributed under an MIT type license. All rights reserved.

*** Changelog ***
Version 1.0 - initial release

*** German Version of the product ***
This product is an improvement of the product of the GfSE (German INCOSE Chapter)
Created on: 06/27/2019
Updated on: 04/14/2021, v.1.1
Created in the working group ""Terminology in Systems Engineering""
https://gfse.de/processmodel",""
"e51ea540-dbc6-4fe6-b89a-ea4643919bd8","BusinessFunction","Acquisition","As stated in ISO/IEC/IEEE 15288,
[6.1.1.1] The purpose of the Acquisition process is to obtain a product or service in accordance with the acquirer’s requirements.

See detailed description in the INCOSE Handbook v.4, page 140",""
"491183c1-dd93-428b-a1aa-e8ba4bd51c57","BusinessFunction","Architecture Definition","As stated in ISO/IEC/IEEE 15288,
[6.4.4.1] The purpose of the Architecture Definition process is to generate system architecture alternatives, to select one or more alternative(s) that frame stakeholder
concerns and meet system requirements, and to express this in a set of consistent views.

See detailed description in the INCOSE Handbook v.4, page 64",""
"7747cee8-f983-4c1f-a0ee-fd35ab346e5d","BusinessFunction","Business or Mission Analysis","As stated in ISO/IEC/IEEE 15288,
[6.4.1.1] The purpose of the Business or Mission Analysis process is to define the business or mission problem or opportunity, characterize the solution space, and determine potential solution class(es) that could address a problem or take advantage of an opportunity.

See detailed description in the INCOSE Handbook v.4, page 49",""
"eea96f65-e8bc-4243-a394-f617cfb27253","BusinessFunction","Configuration Management","As stated in ISO/IEC/IEEE 15288,
[6.3.5.1] The purpose of the Configuration Management process is to manage and control system elements and configurations over the life cycle. CM also manages consistency between a product and its associated configuration definition.

See detailed description in the INCOSE Handbook v.4, page 122",""
"9261e84f-49e1-46f8-86ee-ed7fdb1ca83a","BusinessFunction","Decision Management","As defined by ISO/IEC/IEEE 15288,
[6.3.3.1] The purpose of the Decision Management process is to provide a structured, analytical framework for objectively identifying, characterizing and evaluating a set of alternatives for a decision at any point in the life cycle and select the most beneficial course of action.

See detailed description in the INCOSE Handbook v.4, page 110",""
"b8ac0880-99a6-478a-bf9d-ea454b055bd1","BusinessFunction","Design Definition","As stated in ISO/IEC/IEEE 15288,
[6.4.5.1] The purpose of the Design Definition process is to provide sufficient detailed data and information about the system and its elements to enable the imple-
mentation consistent with architectural entities as defined in models and views of the system architecture.

See detailed description in the INCOSE Handbook v.4, page 70",""
"741b5780-1beb-4cea-b0a4-d70f0f050601","BusinessFunction","Disposal","As stated in ISO/IEC/IEEE 15288,
[6.4.14.1] The purpose of the Disposal process is to end the existence of a system element or system for a specified intended use, appropriately handle replaced or retired elements, and to properly attend to identified critical disposal needs.

See detailed description in the INCOSE Handbook v.4, page 101",""
"def60c92-d482-4f16-97a9-405f63db813a","BusinessFunction","Human Resource Management","As stated in ISO/IEC/IEEE 15288,
[6.2.4.1] The purpose of the Human Resource Management process is to provide the organization with necessary human resources and to maintain their competencies, consistent with business needs.

See detailed description in the INCOSE Handbook v.4, page 154",""
"dd630d51-558b-4ccc-9091-5f0822ff4d02","BusinessFunction","Implementation","As stated in ISO/IEC/IEEE 15288,
[6.4.7.1] The purpose of the Implementation process is to realize a specified system element.

See detailed description in the INCOSE Handbook v.4, page 77",""
"6fab2289-0d98-43f7-98e5-516aa0e46709","BusinessFunction","Information Management","As stated in ISO/IEC/IEEE 15288,
[6.3.6.1] The purpose of the Information Management process is to generate, obtain, confirm, transform, retain, retrieve, disseminate and dispose of information, to designated stakeholders. 
Information management plans, executes, and controls the provision of information to designated stakeholders that is unambiguous, complete, verifiable, consistent, modifiable, traceable, and presentable. Information includes technical, project, organizational, agreement, and user information. Information is often derived from data records of the organization, system, process, or project.

See detailed description in the INCOSE Handbook v.4, page 128",""
"9c015bfb-b80c-40de-b40d-80abe47553b6","BusinessFunction","Infrastructure Management","As stated in ISO/IEC/IEEE 15288,
[6.2.2.1] The purpose of the Infrastructure Management process is to provide the infrastructure and services to projects to support organization and project objectives throughout the life cycle.

See detailed description in the INCOSE Handbook v.4, page 149",""
"46416b34-95e9-4757-9c59-ca9f291ea39b","BusinessFunction","Integration","As stated in ISO/IEC/IEEE 15288,
[6.4.8.1] The purpose of the Integration process is to synthesize a set of system elements into a realized system (product or service) that satisfies system requirements,
architecture, and design.

See detailed description in the INCOSE Handbook v.4, page 79",""
"ff04e457-13dc-40af-aad1-e4d200062beb","BusinessFunction","Knowledge Management","As stated in ISO/IEC/IEEE 15288,
The purpose of the Knowledge Management process is to create the capability and assets that enable the organization to exploit opportunities to re‐apply existing knowledge.

See detailed description in the INCOSE Handbook v.4, page 158",""
"67584c24-782b-4a6e-a73e-1302dd306ed1","BusinessFunction","Life Cycle Model Management","As stated in ISO/IEC/IEEE 15288,
[6.2.1.1] The purpose of the Life Cycle Model Management process is to define, maintain, and assure availability of policies, life cycle processes, life cycle models, and procedures for use by the organization with respect to the scope of [ISO/IEC/IEEE 15288].

See detailed description in the INCOSE Handbook v.4, page 145",""
"d489ff5e-6c55-4351-bc61-5d2f7ff52e54","BusinessFunction","Maintenance","As stated in ISO/IEC/IEEE 15288,
[6.4.13] The purpose of the Maintenance process is to sustain the capability of the system to provide a service.

See detailed description in the INCOSE Handbook v.4, page 97",""
"be1b5c92-0387-4725-83aa-85e146694e2c","BusinessFunction","Measurement","As stated in ISO/IEC/IEEE 15288,
[6.3.7.1] The purpose of the Measurement process is to collect, analyze, and report objective data and information to support effective management and demonstrate the quality of the products, services, and processes.

See detailed description in the INCOSE Handbook v.4, page 130",""
"992bbd31-9b6a-4185-96a4-2f9aba857ac1","BusinessFunction","Operation","As stated in ISO/IEC/IEEE 15288,
[6.4.12.1] The purpose of the Operation process is to use the system to deliver its services.

See detailed description in the INCOSE Handbook v.4, page 95",""
"7095441f-861e-4a75-a5b7-5f65c9d58466","BusinessFunction","Portfolio Management","As stated in ISO/IEC/IEEE 15288,
[6.2.3.1] The purpose of the Portfolio Management process is to initiate and sustain necessary, sufficient and suitable projects in order to meet the strategic objectives of the organization.

See detailed description in the INCOSE Handbook v.4, page 151",""
"029eec0c-36b5-42e0-8bed-96cd6d7182c4","BusinessFunction","Project Assessment and Control","As stated in ISO/IEC/IEEE 15288,
[6.3.2.1] The purpose of the Project Assessment and Control process is to assess if the plans are aligned and feasible; determine the status of the project, technical and process performance; and direct execution to ensure that the performance is according to plans and schedules, within projected budgets, to satisfy technical objectives.

See detailed description in the INCOSE Handbook v.4, page 108",""
"af9e0d82-de0d-4bfd-93e7-1a3253e43e8c","BusinessFunction","Project Planning","As stated in ISO/IEC/IEEE 15288,
[6.3.1.1] The purpose of the Project Planning process is to produce and coordinate effective and workable plans.

See detailed description in the INCOSE Handbook v.4, page 104",""
"83d72c0b-f74b-4619-9684-cf9cd7aad05d","BusinessFunction","Quality Assurance","As stated in ISO/IEC/IEEE 15288,
[6.3.8.1] The purpose of the Quality Assurance process is to help ensure the effective application of the organization’s Quality Management process to the project.

See detailed description in the INCOSE Handbook v.4, page 135",""
"13e0bed5-2e8c-4178-a392-b9b7080c92d6","BusinessFunction","Quality Management","As stated in ISO/IEC/IEEE 15288,
[6.2.5.1] The purpose of the Quality Management process is to assure that products, services and implementations of the quality management process meet organizational and project quality objectives and achieve customer satisfaction.

See detailed description in the INCOSE Handbook v.4, page 156",""
"aa6772e6-4886-4a54-9a91-5ec034fe941d","BusinessFunction","Risk Management","As stated in ISO/IEC/IEEE 15288,
[6.3.4.1] The purpose of the Risk Management process is to identify, analyze, treat and monitor the risks continually.

See detailed description in the INCOSE Handbook v.4, page 114",""
"13e19b84-beca-474c-8ab9-9d006c72bffb","BusinessFunction","Stakeholder Needs and Requirements Definition","As stated in ISO/IEC/IEEE 15288,
[6.4.2.1] The purpose of the Stakeholder Needs and Requirements Definition process is to define the stakeholder requirements for a system that can provide the capabilities needed by users and other stakeholders in a defined environment.

See detailed description in the INCOSE Handbook v.4, page 52",""
"d25855a7-e8a3-4aa1-9801-7adcd555a4e8","BusinessFunction","Supply","As stated in ISO/IEC/IEEE 15288,
[6.1.2.1] The purpose of the Supply process is to provide an acquirer with a product or service that meets agreed requirements.

See detailed description in the INCOSE Handbook v.4, page 142",""
"258aa5cb-514c-4ab8-8cbc-494dd3f4f386","BusinessFunction","System Analysis","As stated in ISO/IEC/IEEE 15288,
[6.4.6.1] The purpose of the System Analysis process is to provide a rigorous basis of data and information for technical understanding to aid decision‐making across the life cycle.

See detailed description in the INCOSE Handbook v.4, page 74",""
"9c83d5ef-01d7-4808-ad06-e4493fbf9cf6","BusinessFunction","System Requirements Definition","As stated in ISO/IEC/IEEE 15288,
[6.4.3.1] The purpose of the System Requirements Definition process is to transform the stakeholder, useroriented view of desired capabilities into a technical view of a solution that meets the operational needs of the user.

See detailed description in the INCOSE Handbook v.4, page 57",""
"f7d4f910-6275-49bd-98aa-f81c73f3925b","BusinessFunction","Transition","As stated in ISO/IEC/IEEE 15288,
[6.4.10.1] The purpose of the Transition process is to establish a capability for a system to provide services specified by stakeholder requirements in the operational environment.

See detailed description in the INCOSE Handbook v.4, page 88",""
"9d02dcd8-dca7-42a2-9425-d2aaa7458fba","BusinessFunction","Validation","As stated in ISO/IEC/IEEE 15288,
[6.4.11.1] The purpose of the Validation process is to provide objective evidence that the system, when in use, fulfills its business or mission objectives and stakeholder requirements, achieving its intended use in its intended operational environment.

See detailed description in the INCOSE Handbook v.4, page 89",""
"1f4dc672-97ff-4f00-8b2b-20e42d40daa5","BusinessFunction","Verification","As stated in ISO/IEC/IEEE 15288,
[6.4.9.1] The purpose of the Verification process is to provide objective evidence that a system or system element fulfils its specified requirements and characteristics.

See detailed description in the INCOSE Handbook v.4, page 83",""
"369a37e4-1d00-4514-b4ad-e7fa50386aa1","BusinessObject","Accepted system or system element","System element or system is transferred from supplier to acquirer and the product or service is available to the project",""
"354a60de-670c-48a0-bd49-e683fd58921c","BusinessObject","Acquired system","The system or system element (product or service) is delivered to the acquirer from a supplier consistent with the delivery conditions of the acquisition agreement",""
"636e2201-493e-4e4a-a39d-8f0fda24748d","BusinessObject","Acquisition agreement","An understanding of the relationship and commitments between the project organization and the supplier. The agreement can vary from formal contracts to less formal interorganizational work orders. Formal agreements typically include terms and conditions",""
"8b22cc29-784f-4c66-9e73-63662674efda","BusinessObject","Acquisition need","The identification of a need that cannot be met within the organization encountering the need or a need that can be met in a more economical way by a supplier",""
"fdbac9c5-28bd-419e-b701-03b7a95b31d9","BusinessObject","Acquisition payment","Payments or other compensations for the acquired system. Includes remitting and acknowledgement",""
"2a70644d-1bcc-4efa-9475-388f7c45d741","BusinessObject","Acquisition record","Permanent, readable form of data, information, or knowledge related to acquisition",""
"6f7853a1-aa22-45bb-a0ca-7d0f4838e6fc","BusinessObject","Acquisition reply","The responses of one or more candidate suppliers in response to a request for supply",""
"25206609-1075-4ce5-8d8f-d0463a796959","BusinessObject","Acquisition report","An account prepared for interested parties in order to communicate the status, results, and outcomes of the acquisition activities",""
"5594d13a-9743-4ba3-b07f-8771fcf425a8","BusinessObject","Acquisition strategy","Approaches, schedules, resources, and specific considerations required to acquire system elements. May also include inputs to determine acquisition constraints",""
"ac4c14b4-361c-4100-a2f6-52d22195ae8d","BusinessObject","Alternative solution classes","Identifies and describes the classes of solutions that may address the problem or opportunity",""
"eb2c85b6-3ac7-4346-8c02-25be2b6a561c","BusinessObject","Analysis situations","The context information for the analysis including life cycle stage, evaluation drivers, cost drivers, size drivers, team characteristics, project priorities, or other characterization information and parameters that are needed to understand analysis and represent the element being analyzed. Relevant information from the process that invokes the analysis. Any existing models related to the element being analyzed. Any data related to the element being analyzed, including historical, current, and projected data. Can originate from any life cycle process",""
"59fc8b2f-647a-4c00-9859-f1e25773e843","BusinessObject","Architecture definition record","Permanent, readable form of data, information, or knowledge related to architecture definition",""
"65414be5-43e5-47c0-97eb-901cbc4d3fca","BusinessObject","Architecture definition strategy","Approaches, schedules, resources, and specific considerations required to define the selected system architecture that satisfies the requirements",""
"b47ab109-68f7-4ecd-8ce6-8d45ba137a58","BusinessObject","Architecture traceability","Bidirectional traceability of the architecture characteristics",""
"dc79d9f2-b1ed-4277-9ec6-f0048c4c3921","BusinessObject","Business or mission analysis record","Laut INCOSE Handbuch 4.0 - übersetzt von GfSE:
""Ein Protokoll der Geschäfts- oder Auftragsanalyse enthält die lesbaren Aufzeichnungen der Daten, Informationen oder des Wissens bezogen auf die Geschäfts- und Auftragsanalyse"".",""
"e5d881ec-b634-4ef2-b89e-37227a395bf0","BusinessObject","Business or mission analysis strategy","Approaches, schedules, resources, and specific considerations required to conduct business or mission analysis and ensure business needs are elaborated and formalized into business requirements",""
"13069d0f-ac8f-4933-a9a5-00bed405832d","BusinessObject","Business requirements","Definition of the business framework within which stakeholders will define their requirements. Business requirements govern the project, including agreement constraints, quality standards, and cost and schedule constraints. Business requirements may be captured in a Business Requirements Specification (BRS), which is approved by the business leadership 
Note: Business requirements may not always be formally captured in the system life cycle",""
"69a3f176-8d8e-4582-9e77-4a64812d5ec3","BusinessObject","Business requirements traceability","Bidirectional traceability of the business requirements",""
"b7ec08b8-d429-4c48-bca0-751fdfa5accb","BusinessObject","Candidate configuration items","Items for configuration control. Can originate from any life cycle process",""
"30cb00ea-6a97-4838-9d40-3a918c2c161e","BusinessObject","Candidate information items","Items for information control. Can originate from any life cycle process",""
"b518edaa-3b13-497a-8366-a04ddce25858","BusinessObject","Candidate risks and opportunities","Risks and opportunities that arise from any stakeholder. In many cases, risk situations are identified during the project assessment and control process. Can originate from any life cycle process",""
"ab33d3d2-038d-4226-bbeb-b2e920743d9f","BusinessObject","Concept of operations (ConOps)","The ConOps is a verbal and/or graphic statement prepared for the organization’s leadership that describes the assumptions or intent regarding the overall operation or series of operations of the enterprise, to include any new capability (ANSI/AIAA, 2012; ISO/IEC/IEEE 29148, 2011)",""
"b0a4a060-da04-41ff-9ad8-3cf42a2d42fd","BusinessObject","Configuration baselines","Items placed under formal change control. The required configuration baseline documentation is developed and approved in a timely manner to support required systems engineering (SE) technical reviews, the system’s acquisition and support strategies, and production",""
"ac5ff023-66d3-4316-842f-8a06376714fe","BusinessObject","Configuration management record","Permanent, readable form of data, information, or knowledge related to configuration management",""
"afb7c77d-c10b-4b69-86f1-960906ca1ca4","BusinessObject","Configuration management report","An account prepared for interested parties in order to communicate the status, results, and outcomes of the configuration management activities. Documents the impact to any process, organization, decision (including any required change notification), products, and services affected by a given change request",""
"7148de21-091c-46e4-92a4-020b1e5f9f2f","BusinessObject","Configuration management strategy","Approaches, schedules, resources, and specific considerations required to perform configuration management for a project. Describes and documents how to make authorized changes to established baselines in a uniform and controlled manner",""
"87b33951-5f96-46a6-ba14-9d881f8dbd52","BusinessObject","Customer satisfaction inputs","Responses to customer satisfaction surveys or other instruments",""
"b0adc531-6844-4c5f-b322-0341f317d870","BusinessObject","Decision management strategy","Approaches, schedules, resources, and specific considerations required to perform decision management for a project",""
"271f1dbb-7d05-4e65-b423-e6e564e0c9d1","BusinessObject","Decision record","Permanent, readable form of data, information, or knowledge related to decision management",""
"1ba2761b-68dd-4374-9f55-ebe7c6ffeaa7","BusinessObject","Decision report","An account prepared for interested parties in order to communicate the status, results, and outcomes of the decision management activities. Should include a recommended course of action, an associated implementation plan, and key findings through effective trade space visualizations underpinned by defendable rationale grounded in analysis results that are repeatable and traceable. As decision makers seek to understand root causes of top‐level observations and build their own understanding of the trade‐offs, the ability to rapidly drill down from top‐level trade space visualizations into lower‐level analyses supporting the synthesized view is often beneficial",""
"54ecd60c-1e2b-4da5-8805-0317adac7580","BusinessObject","Decision situation","Decisions related to decision gates are taken on a prearranged schedule; other requests for a decision may arise from any stakeholder, and initial information can be little more than broad statements of the situation. Can originate from any life cycle process",""
"2613c1e5-dd0f-43bc-8dfe-b8e595e54ba8","BusinessObject","Design definition record","Permanent, readable form of data, information, or knowledge related to design definition",""
"55048d29-e11e-494c-91f3-d67b148ee310","BusinessObject","Design definition strategy","Approaches, schedules, resources, and specific considerations required to define the system design that is consistent with the selected system architecture and satisfies the requirements",""
"b6edf327-79de-4fbf-b594-ddaad1046ab9","BusinessObject","Design traceability","Bidirectional traceability of the design characteristics, the design enablers, and the system element requirements",""
"30fad58c-079d-481b-8c04-34797d1e1432","BusinessObject","Disposal constraints","Any constraints on the system arising from the disposal strategy including cost, schedule, and technical constraints",""
"3ddd01c4-4887-436d-be53-6f3123449aae","BusinessObject","Disposal enabling system requirements","Requirements for any systems needed to enable disposal of the system of interest",""
"edb1c36b-e188-4c80-ab5f-75bd4a90ed70","BusinessObject","Disposal procedure","A disposal procedure that includes a set of disposal actions, using specific disposal techniques, performed with specific disposal enablers",""
"9b21ff96-8373-451a-8c8c-cc5367fcfca0","BusinessObject","Disposal record","Permanent, readable form of data, information, or knowledge related to disposal",""
"19a718e8-1698-4fef-ae41-a45c4fef3aa2","BusinessObject","Disposal report","An account prepared for interested parties in order to communicate the status, results, and outcomes of the disposal activities. May include an inventory of system elements for reuse/storage and any documentation or reporting required by regulation or organization standards",""
"1087d39a-f946-4bb7-9b49-a3cd16f63b78","BusinessObject","Disposal strategy","Approaches, schedules, resources, and specific considerations required to ensure the system or system elements are deactivated, disassembled, and removed from operations",""
"b0338605-ba64-4de6-bebc-1b291cfce6ed","BusinessObject","Disposed system","Disposed system that has been deactivated, disassembled, and removed from operations",""
"6f68b4bb-aa7d-43ae-9a7c-fd4610cd7cfd","BusinessObject","Documentation tree","Defines the hierarchical representation of the set of system definition products for the system under development. Based on the evolving system architecture",""
"2d727ded-5f99-4974-9298-a8e4090d3c77","BusinessObject","Enabling system requirements","Enabling system requirements from all applicable life cycle processes, including implementation enabling system requirements, integration enabling system requirements, verification enabling system requirements, transition enabling system requirements, validation enabling system requirements, operation enabling system requirements, maintenance enabling system requirements, and disposal enabling system requirements",""
"926fc0a1-ebe5-4cf2-8d6a-ec647c7c6070","BusinessObject","Final RVTM","Final list of requirements, their verification attributes, and their traces. Includes any proposed changes to the system requirements due to the verification actions",""
"00c40702-c455-4cc7-b4e7-7e7ff622ac25","BusinessObject","Human resource management plan","Approaches, schedules, resources, and specific considerations required to identify the skill needs of the organization and projects. Includes the organizational training plan needed to develop internal personnel and the acquisition of external personnel",""
"933de767-80aa-44cb-b790-fa7494a11c0b","BusinessObject","Human resource management record","Permanent, readable form of data, information, or knowledge related to human resource management",""
"08d48b33-781f-4f5c-b86b-a03f094021da","BusinessObject","Human resource management report","An account prepared for interested parties in order to communicate the status, results, and outcomes of the human resource management activities",""
"834d6492-c8e0-49c6-b694-9617d19b3615","BusinessObject","Implementation constraints","Any constraints on the system arising from the implementation strategy including cost, schedule, and technical constraints",""
"d7c82732-b133-4ca7-967a-98aa0a8fb295","BusinessObject","Implementation record","Permanent, readable form of data, information, or knowledge related to implementation",""
"3c6f619c-1b41-4465-9b4a-9c4296d88eb6","BusinessObject","Implementation report","An account prepared for interested parties in order to communicate the status, results, and outcomes of the implementation activities",""
"75b1e821-48d5-4612-b638-8e3aa02887dd","BusinessObject","Implementation strategy","Approaches, schedules, resources, and specific considerations required to realize system elements to satisfy system requirements, architecture, and design",""
"d50512c9-df85-4cd8-9dd8-f7e33c4f0728","BusinessObject","Implementation traceability","Bidirectional traceability of the system elements",""
"382d586f-0efe-4502-92e4-3cd7fe1a5de4","BusinessObject","Information management record","Permanent, readable form of data, information, or knowledge related to information management",""
"3d57ada4-027b-4e74-9786-e6abeb6a2dfd","BusinessObject","Information management strategy","Approaches, schedules, resources, and specific considerations required to perform information management for a project",""
"fe027c4d-a4f1-4ce1-af81-64dcc6f5416b","BusinessObject","Information management strategy","Approaches, schedules, resources, and specific considerations required to perform information management for a project",""
"1c910a7a-d6fb-41bf-a55c-a3ae98ba3a1c","BusinessObject","Information repository","A repository that supports the availability for use and communication of all relevant project information artifacts in a timely, complete, valid, and, if required, restricted manner",""
"ea203d98-af14-445a-b44a-3471e0c88710","BusinessObject","Infrastructure management plan","Approaches, schedules, resources, and specific considerations required to define and sustain the organizational and project infrastructures",""
"8125ddd6-a161-4c29-9943-8382f1773807","BusinessObject","Infrastructure management report","An account prepared for interested parties in order to communicate the status, results, and outcomes of the infrastructure management activities. Includes cost, usage, downtime/response measures, etc. These can be used to support capacity planning for upcoming projects",""
"820fbf61-c5bb-4760-a667-9b093b78a315","BusinessObject","Initial RVTM","A preliminary list of requirements, their verification attributes, and their traces",""
"918ca38e-cc69-49a7-9c57-7d3c02fb1cd1","BusinessObject","Installation procedure","An installation procedure that includes a set of installation actions, using specific installation techniques, performed with specific transition enablers",""
"4860503a-4479-4933-b14b-748234c84fcb","BusinessObject","Installed system","Installed system ready for validation",""
"ee2cb03b-f153-478c-a52b-cb13a8aa68ba","BusinessObject","Integrated system or system elements","Integrated system element or system ready for verification. The resulting aggregation of assembled system elements",""
"f2982f29-5065-4577-85d7-184f273f73f9","BusinessObject","Integration constraints","Any constraint on the system arising from the integration strategy including cost, schedule, and technical constraints",""
"1676b914-b386-4251-baca-a7a1b35767ab","BusinessObject","Integration enabling system requirements","Requirements for any systems needed to enable integration of the system of interest",""
"1cd9a51f-2e0f-4ca4-9b46-41b4069810eb","BusinessObject","Integration procedure","An assembly procedure that groups a set of elementary assembly actions to build an aggregate of implemented system elements, using specific integration techniques, performed with specific integration enablers",""
"cf5748d8-90de-4c5d-9085-3f81f0d4a426","BusinessObject","Integration record","Permanent, readable form of data, information, or knowledge related to integration",""
"09c41e1d-534a-47a8-8165-053b68407206","BusinessObject","Integration report","An account prepared for interested parties in order to communicate the status, results, and outcomes of the integration activities. Includes documentation of the integration testing and analysis results, areas of nonconformance, and validated internal interfaces",""
"38286a5b-3029-498a-a90a-646f16bc12cd","BusinessObject","Integration strategy","Approaches, schedules, resources, and specific considerations required to integrate the system elements",""
"81b48bbc-5163-41b5-986d-f79cec1f99f8","BusinessObject","Interface definition","The logical and physical aspects of internal interfaces (between the system elements composing the system) and external interfaces (between the system elements and the elements outside the system of interest)",""
"6fb56e3e-f6da-4bbb-99e1-4faa6a94d14d","BusinessObject","Interface definition update identification","Identification of updates to interface requirements and definitions, if any",""
"5576e826-2a20-4b45-9e53-90a3b69d4424","BusinessObject","Knowledge management plan","Establishes how the organization and projects within the organization will interact to ensure the right level of knowledge is captured to provide useful knowledge assets. Includes a list of applicable domains; plans for obtaining and maintaining knowledge assets for their useful life; characterization of the types of assets to be collected and maintained along with a scheme to classify them for the convenience of users; criteria for accepting, qualifying, and retiring knowledge assets; procedures for controlling changes to the knowledge assets; and definition of a mechanism for knowledge asset storage and retrieval",""
"df0fca67-d83d-4612-8d24-f441ad59b7b5","BusinessObject","Knowledge management report","An account prepared for interested parties in order to communicate the status, results, and outcomes of the knowledge management activities",""
"fbac47f8-6f26-4803-a3ff-780a7c5b66f7","BusinessObject","Knowledge management system","Maintained knowledge management system. Project suitability assessment results for application of existing knowledge. Lessons learned from execution of the organizational SE processes on projects. Should include mechanisms to easily identify and access the assets and to determine the level of applicability for the project considering its use. Can be used by any life cycle process",""
"e65566b5-1d74-4440-91e1-bbbffae5fd4b","BusinessObject","Life cycle concepts","Articulation and refinement of the various life cycle concepts consistent with the business needs in the form of life cycle concept documents on which the system of interest is based, assessed, and selected. The architecture is based on these concepts, and they are essential in providing context for proper interpretation of the system requirements. Typical concepts include:
• Acquisition concept
• Deployment concept
• Operational concept (OpsCon)
• Support concept
• Retirement concept",""
"dc9bf07b-fc5f-4926-acae-ed53f0264ded","BusinessObject","Life cycle constraints","Constraints from all applicable life cycle processes, including implementation constraints, integration constraints, verification constraints, transition constraints, validation constraints, operation constraints, maintenance constraints, and disposal constraints",""
"66ee15e1-3600-48d4-bc12-2be4b9977fec","BusinessObject","Life cycle model management plan","Approaches, schedules, resources, and specific considerations required to define a set of organizational life cycle models. Includes identification of new needs and the evaluation of competitiveness from the perspective of the organization strategy. Includes criteria for assessments and approvals/disapprovals",""
"fe3d161f-cb72-4afa-8230-f974adfcc42c","BusinessObject","Life cycle model management record","Permanent, readable form of data, information, or knowledge related to life cycle model management",""
"27dbaa9e-0cfc-49ec-bb7a-4c62e858319a","BusinessObject","Life cycle model management report","An account prepared for interested parties in order to communicate the status, results, and outcomes of the life cycle model management activities",""
"94653c00-8945-4111-988a-f9239f1d7e81","BusinessObject","Life cycle models","Life cycle model or models appropriate for the project. Includes definition of the business and other decision‐making criteria regarding entering and exiting each life cycle stage. The information and artifacts are collected and made available to be used and reused",""
"9f891887-b6a0-4b65-93d4-a6e461a06cfc","BusinessObject","Maintenance constraints","Any constraints on the system arising from the maintenance strategy including cost, schedule, and technical constraints",""
"526beb01-9add-4052-ab14-46b86ff72e87","BusinessObject","Maintenance enabling system requirements","Requirements for any systems needed to enable operation of the system of interest",""
"b9278f5f-b7c8-4d19-b87a-e97ea60d54bb","BusinessObject","Maintenance procedure","A maintenance procedure that includes a set of maintenance actions, using specific maintenance techniques, performed with specific maintenance enablers",""
"78cd1fed-161f-4926-a98c-a8d99f3aef58","BusinessObject","Maintenance record","Permanent, readable form of data, information, or knowledge related to maintenance",""
"06619237-98c0-49d5-8134-08b7400eafc3","BusinessObject","Maintenance report","An account prepared for interested parties in order to communicate the status, results, and outcomes of the maintenance activities",""
"79348313-ecd9-4cf5-9d1a-4601ab702315","BusinessObject","Maintenance strategy","Approaches, schedules, resources, and specific considerations required to perform corrective and preventive maintenance in conformance with operational availability requirements",""
"cbaae451-a92e-4a0f-8983-dc3972b0977d","BusinessObject","Major stakeholder identification","List of legitimate external and internal stakeholders with an interest in the solution. Major stakeholders are also derived from analysis of the ConOps",""
"ff8fd7c1-a76f-4078-a9aa-2008ca343591","BusinessObject","Measurement data","Laut INCOSE Handbuch 4.0 - übersetzt von GfSE:
""Messdaten stammen aus allen angewendeten Lebenszyklusprozessen, einschließlich der Daten von Wirksamkeitskennzahlen (MOE), von Leistungskennzahlen (MOP), von technischen Leistungskennzahlen (TPM), zur Leistung des Projekts und der Prozesse der Organisation"".",""
"1f708dce-d754-4189-a82f-2c1b7b3e0616","BusinessObject","Measurement needs","Measurement needs from all applicable life cycle processes, including MOE needs, MOP needs, TPM needs, project performance measures needs, and organizational process performance measures needs",""
"9b26bb44-5b46-4890-9d86-30fa22bdb03c","BusinessObject","Measurement record","Permanent, readable form of data, information, or knowledge related to measurement",""
"75fc9cd9-d84b-4606-a0e4-24e338efb490","BusinessObject","Measurement report","An account prepared for interested parties in order to communicate the status, results, and outcomes of the measurement activities. Includes documentation of the measurement activity results, the measurement data that was collected and analyzed and results that were communicated, and any improvements or corrective actions driven by the measures with their supporting data",""
"e11ffa3b-e954-4c66-8085-4428032b5b0d","BusinessObject","Measurement repository","A repository that supports the availability for use and communication of all relevant measures in a timely, complete, valid, and, if required, confidential manner",""
"ddfd9715-6ec8-481d-a736-b97a58cc707f","BusinessObject","Measurement strategy","Approaches, schedules, resources, and specific considerations required to perform measurement for a project. Addresses the strategy for performing measurement: describing measurement goals, identifying information needs and applicable measures, and defining performance and evaluation methodologies",""
"d645af10-125b-4f07-b2cf-a498718c56e4","BusinessObject","MOE data","Data provided for the identified measurement needs",""
"f29abe8e-f911-46ed-b247-6eb48dbf0ba5","BusinessObject","MOE needs","Identification of the MOEs (Roedler and Jones, 2006), which define the information needs of the decision makers with respect to system effectiveness to meet operational expectations",""
"c8cb1658-d56d-40e6-96bf-8c2eddc6d6db","BusinessObject","MOP data","Data provided for the identified measurement needs",""
"d83c0f33-aaf5-4429-ac4a-5450c4d72a52","BusinessObject","MOP needs","Identification of the MOPs (Roedler and Jones, 2006), which define the key performance characteristics the system should have when fielded and operated in its intended operating environment",""
"b727070e-8310-4c55-a6b1-6f27809a0f93","BusinessObject","Operation constraints","Any constraints on the system arising from the operational strategy including cost, schedule, and technical constraints",""
"6b8f4302-4d0c-4198-984c-3fceea6b29ca","BusinessObject","Operation enabling system requirements","Requirements for any systems needed to enable operation of the system of interest",""
"20efbdce-14b8-49b0-9629-e78959697e7a","BusinessObject","Operation record","Permanent, readable form of data, information, or knowledge related to operation",""
"e3948655-b140-409e-ae79-bafb235f620c","BusinessObject","Operation report","An account prepared for interested parties in order to communicate the status, results, and outcomes of the operation activities",""
"a5c79d04-c69c-4725-8ae1-1a8c4f42da0f","BusinessObject","Operation strategy","Approaches, schedules, resources, and specific considerations required to perform system operations",""
"c6c91975-41d7-471d-bf9c-5ac52a966d7f","BusinessObject","Operator/maintainer training material","Training capabilities and documentation",""
"236b6c55-2f18-41a3-90b8-47d2081986dd","BusinessObject","Organization infrastructure","Resources and services that support the organization. Organizational‐level facilities, personnel, and resources for hardware fabrication, software development, system implementation and integration, verification, validation, etc.",""
"a280619f-6ca3-444a-a328-b00ec0d68fba","BusinessObject","Organization lesson learned","Organizational‐related lessons learned. Results from an evaluation or observation of an implemented corrective action that contributed to improved performance or increased capability. A lesson learned also results from an evaluation or observation of a positive finding that did not necessarily require corrective action other than sustainment",""
"945a2e0b-374c-4014-b5e4-01c781ebde3c","BusinessObject","Organization portfolio direction and constraints","Organization business objectives, funding outlay and constraints, ongoing research and development (R&D), market tendencies, etc., including cost, schedule, and solution constraints",""
"e22f055a-9433-4ee7-ae89-ecf17e132e79","BusinessObject","Organization strategic plan","The overall organization strategy, including the business mission or vision and strategic goals and objectives",""
"48c659a3-03a7-4bd3-9f1e-b5926eb3ce40","BusinessObject","Organization tailoring strategy","Approaches, schedules, resources, and specific considerations required to incorporate new or updated external standards into the organization’s set of standard life cycle processes",""
"3efef099-f141-4465-aefb-9faa47f4b70e","BusinessObject","Organizational infrastructure needs","Specific requests for infrastructure products or services from the organization, including commitments to external stakeholders",""
"1d2251e0-5b01-4f1d-8977-aa94784fc444","BusinessObject","Organizational policies, procedures, and assets","Items related to the organization’s standard set of life cycle processes, including guidelines and reporting mechanisms. Organization process guidelines in the form of organization policies, procedures, and assets for applying the system life cycle processes and adapting them to meet the needs of individual projects (e.g., templates, checklists, forms). Includes defining responsibilities, accountability, and authority for all SE processes within the organization",""
"45172d32-3338-4a09-b459-79cea3958061","BusinessObject","Organizational process performance measures data","Data provided for the identified measurement needs",""
"4019f275-52cf-4237-bbde-0a90e4da1b8e","BusinessObject","Organizational process performance measures needs","Identification of the organizational process performance measures, which measure how well the organization is satisfying it objectives",""
"9721fa66-8382-49c8-abee-486d08ca2d8d","BusinessObject","Portfolio management plan","Approaches, schedules, resources, and specific considerations required to define a project portfolio",""
"ac96787a-b86b-483e-add0-ee75508b2c62","BusinessObject","Portfolio management record","Permanent, readable form of data, information, or knowledge related to portfolio management",""
"159bc10b-d17a-4007-8999-7e234ba9b341","BusinessObject","Portfolio management report","An account prepared for interested parties in order to communicate the status, results, and outcomes of the portfolio management activities",""
"8e3bb868-87cc-4d20-9d14-bd64fd535499","BusinessObject","Preliminary interface definition","The preliminary logical and physical aspects of internal interfaces (between the system elements composing the system) and external interfaces (between the system elements of the system and the elements outside the system of interest)",""
"c6af653a-cd59-4bd5-967d-0f788c23a91b","BusinessObject","Preliminary life cycle concepts","Preliminary articulation of the various life cycle concepts consistent with the business needs in the form of life cycle concept documents on which the system of interest is based, assessed, and selected. The architecture is based on these concepts, and they are essential in providing context for proper interpretation of the system requirements. Typical concepts include: Acquisition concept, Deployment concept, OpsCon, Support concept, Retirement concept",""
"9e1e1d8d-846b-4752-b0fa-d48b7ab56ce0","BusinessObject","Preliminary MOE data","Preliminary data provided for the identified measurement needs",""
"af0d6bc8-3445-4910-8b6c-7cb4fc988a29","BusinessObject","Preliminary MOE needs","Preliminary identification of the MOEs (Roedler and Jones, 2006), which define the information needs of the decision makers with respect to system effectiveness to meet operational expectations",""
"0765321e-ec00-471a-bd73-98fc3511562f","BusinessObject","Preliminary TPM data","Preliminary data provided for the identified measurement needs",""
"2074c4a7-b0d7-4095-90a0-4a5e342e2068","BusinessObject","Preliminary TPM needs","Preliminary identification of the TPM (Roedler and Jones, 2006), which measure attributes of a system element to determine how well a system or system element is satisfying or expected to satisfy a technical requirement or goal",""
"f0672845-f672-4bae-80c0-f709a1eae564","BusinessObject","Preliminary validation criteria","The preliminary validation criteria (the measures to be assessed), who will perform validation activities, and the validation environments of the system of interest",""
"ae9e97db-6908-46ee-8bde-facbabbfcb40","BusinessObject","Problem or opportunity statement","Description of the problem or opportunity. Should be derived from the organization strategy and provide enough detail to understand the gap or new capability that is being considered",""
"5d9b53ba-66e5-4951-afbe-b67f1386d462","BusinessObject","Procedures","Procedures from all applicable life cycle processes, including integration procedure, verification procedure, installation procedure, validation procedure, maintenance procedure, and disposal procedure",""
"f7bf43ae-928c-4b86-8a21-0f9c5efa1499","BusinessObject","Project assessment and control record","Permanent, readable form of data, information, or knowledge related to project assessment and control",""
"70b1747a-9598-4365-bd1c-75f6d04fe6a5","BusinessObject","Project assessment and control strategy","Approaches, schedules, resources, and specific considerations required to perform assessment and control for a project",""
"709c58a0-6f19-48aa-9172-f75d64a22067","BusinessObject","Project budget","A prediction of the costs associated with a particular project. Includes labor, infrastructure, acquisition, and enabling system costs along with reserves for risk management",""
"a2651f57-5803-4a88-a6bf-fa1bb13958c7","BusinessObject","Project change requests","Requests to update any formal baselines that have been established. In many cases, the need for change requests is identified during the project assessment and control process. Can originate from any life cycle process",""
"c0e1d3e2-e427-4617-bfb8-7960e6d676dd","BusinessObject","Project constraints","Any constraints on the system arising from the technical management strategy including cost, schedule, and technical constraints",""
"00414204-af8c-4af7-8cde-cd1acd96c3e9","BusinessObject","Project control requests","Internal project directives based on action required due to deviations from the project plan. New directions are communicated to both project team and customer, when appropriate. If assessments are associated with a decision gate, a decision to proceed, or not to proceed, is taken",""
"8929a81b-b9ae-46fc-a916-c495b55d74f2","BusinessObject","Project direction","Organizational direction to the project. Includes sustainment of projects meeting assessment criteria and redirection or termination of projects not meeting assessment criteria",""
"9abc00a2-ef3c-486a-89c4-3b9e16d012fe","BusinessObject","Project human resources needs","Specific requests for human resources needed by the project, including commitments to external stakeholders",""
"bb76cbad-b960-4e95-b8c8-b5a67c5dbf85","BusinessObject","Project infrastructure","Resources and services that support a project. Project‐level facilities, personnel, and resources for hardware fabrication, software development, system implementation and integration, verification, validation, etc.",""
"6f15e8f1-a233-4dd3-927f-f435f72b1ced","BusinessObject","Project infrastructure needs","Specific requests for infrastructure products or services needed by the project, including commitments to external stakeholders",""
"0011d823-78e2-4606-9b9e-09d8b02a08d1","BusinessObject","Project lessons learned","Project‐related lessons learned. Results from an evaluation or observation of an implemented corrective action that contributed to improved performance or increased capability. A lesson learned also results from an evaluation or observation of a positive finding that did not necessarily require corrective action other than sustainment (CJCS, 2012)",""
"8cdf596f-6d9a-48fd-9072-27a704886887","BusinessObject","Project performance measures data","Data provided for the identified measurement needs",""
"90cf1423-3569-429a-a248-83baac38d066","BusinessObject","Project performance measures needs","Identification of the project performance measures, which measure how well the project is satisfying it objectives",""
"5addb173-3634-4f90-bf59-e2e904f7a5ee","BusinessObject","Project planning record","Permanent, readable form of data, information, or knowledge related to project planning",""
"b0b3a97a-2946-4614-8aad-808ded847df3","BusinessObject","Project portfolio","The necessary information for all of the organizations’ projects. The initiation of new projects or the setting up of a product line management approach. Includes the project goals, resources, budgets identified and allocated to the projects, and clearly defined project management accountability and authorities",""
"15d17abc-2d9e-4323-be4e-1d7730d99a7f","BusinessObject","Project schedule","A linked list of a project’s milestones, activities, and deliverables with intended start and finish dates. May include a top‐level milestone schedule and multiple levels (also called tiers) of schedules of increasing detail and task descriptions with completion criteria and work authorizations",""
"da9d42fb-c94a-4db4-95b8-50457cdb81e4","BusinessObject","Project status report","An account prepared for interested parties in order to communicate the status, results, and outcomes of the overall project activities. Includes status on meeting the objectives set out for the project, information on the health and maturity of the project work effort, status on project tailoring and execution, and status on personnel availability and effectiveness for the project",""
"895bf32c-acd8-4429-a9e4-b0ccb2ffcbf6","BusinessObject","Project tailoring strategy","Approaches, schedules, resources, and specific considerations required to incorporate and tailor the organization’s set of standard life cycle processes for a given project",""
"556efe37-961e-4bb2-aacc-5e3cffc946dd","BusinessObject","QM corrective actions","Actions taken when quality goals are not achieved. Resulting from project‐related and process‐related reviews and audits",""
"825bcd68-a087-45bb-bda0-493fc8b92c88","BusinessObject","Qualified personnel","The right people with the right skills are assigned at the right time to projects per their skill needs and timing",""
"22819028-9f55-4c59-af1c-43a9307b2bdb","BusinessObject","Quality assurance evaluation report","An account prepared for interested parties in order to communicate evidence of whether the project’s quality assurance activities are effective. Includes the assessment of all the project‐related process and any suggested improvements or necessary corrective actions. Provides constructive input for improvements to an organization’s life cycle model implementation",""
"8263d114-293a-4a4a-9749-39454d4065d8","BusinessObject","Quality assurance evaluation report","An account prepared for interested parties in order to communicate evidence of whether the project’s quality assurance activities are effective. Includes the assessment of all the project‐related process and any suggested improvements or necessary corrective actions. Provides constructive input for improvements to an organization’s life cycle model implementation",""
"ffbf9e81-7d99-4cb7-9bb7-a0f3f016d5ef","BusinessObject","Quality assurance plan","The set of project quality assurance activities, tailored to the project, designed to monitor development and SE processes. Describes the quality assurance organization and applicable audit, evaluation, and monitoring activities. This includes the set of policies and procedures, including specific methods and techniques that apply to quality assurance practices within the organization and within individual projects. It also includes quality objectives for processes and systems that are measurable, along with linkages to the assigned accountability and authority for QM within the organization. The plan also references activities performed by other organizations or functions that are monitored or audited by the quality assurance organization",""
"30db0cdb-b722-4043-8ad0-49ceb40dc50c","BusinessObject","Quality assurance record","Permanent, readable form of data, information, or knowledge related to quality assurance",""
"84e97d09-ad79-43a3-bd1f-15b0ef8ca032","BusinessObject","Quality assurance report","An account prepared for interested parties in order to communicate the status, results, and outcomes of the quality assurance activities. Includes information on deviations from nominal conditions during the product life cycle and actions to be taken when quality assurance goals and objectives are not achieved",""
"b9b7530d-7ec8-4ea3-a0eb-c958a5d3e5f4","BusinessObject","Quality management evaluation report","An account prepared for interested parties in order to communicate evidence of whether the organization’s QM activities are effective. Includes the assessment of all the organizational‐related process and any suggested improvements or necessary corrective actions. Provides constructive input for improvements to an organization’s life cycle model implementation",""
"866fef9b-4d82-4c78-b499-02dc132acc56","BusinessObject","Quality management guidelines","Guidelines for quality practices within the organization, within individual projects, and as part of the execution of system life cycle processes",""
"16119af6-d790-4d4a-a461-db9ee60ec2c5","BusinessObject","Quality management plan","The overarching guidance that explains the organization’s quality philosophy and quality organization. Describes the QM organization and applicable audit, evaluation, and monitoring activities. This includes the set of policies and procedures, including specific methods and techniques that apply to QM practices within the organization. It also includes quality objectives for processes and systems that are measurable, along with the assigned accountability and authority for QM within the organization. The set of project QM activities form the basis of the project quality assurance",""
"bb4b72cd-cd24-43ea-904e-c01694bc7e86","BusinessObject","Quality management record","Permanent, readable form of data, information, or knowledge related to QM",""
"ebd0e90c-ec92-4125-a1ac-3f1b8cd278d7","BusinessObject","Quality management report","An account prepared for interested parties in order to communicate the status, results, and outcomes of the QM activities. Includes the results of any customer satisfaction surveys and any issues that need to be addressed",""
"16bc161f-4215-4437-b6e5-6821e736a9a3","BusinessObject","Records","Records from all applicable life cycle processes, including business or mission analysis record, stakeholder needs and requirements definition record, system requirements definition record, architecture definition record, design definition record, system analysis record, implementation record, integration record, verification record, transition record, validation record, operation record, maintenance record, disposal record, project planning record, project assessment and control record, decision record, risk record, configuration management record, information management record, measurement record, quality assurance record, acquisition record, supply record, life cycle model management record, infrastructure management record, portfolio management record, human resource management record, and QM record",""
"e0ab33e6-d80a-46b2-90b9-7fc0806d30f7","BusinessObject","Reports","Project reports from all applicable life cycle processes, including system analysis report, implementation report, integration report, verification report, transition report, validation report, operation report, maintenance report, disposal report, decision report, risk report, configuration management report, information management report, measurement report, quality assurance report, acquisition report, and supply report (other reports go to other process areas and are not aggregated here)",""
"41f874c8-4e4b-4c71-880c-ccf8713a52fd","BusinessObject","Request for supply","A request to an external supplying organization to propose a solution to meet a need for a system element or system (product or service). The organization can identify candidate suppliers that could meet this need. Inputs are received from the project personnel in the organization with the need",""
"c61a1a8e-0c39-4890-a97a-7ee7369726fa","BusinessObject","Risk management strategy","Approaches, schedules, resources, and specific considerations required to perform risk management for a project",""
"7b2edd1f-c574-4c6f-91cb-fbef7e39995a","BusinessObject","Risk record","Permanent, readable form of data, information, or knowledge related to risk management",""
"bf301e45-8646-4edb-a137-b7d687ba969c","BusinessObject","Risk report","An account prepared for interested parties in order to communicate the status, results, and outcomes of the risk management activities. The risks are documented and communicated along with rationale, assumptions, treatment plans, and current status. For selected risks, an action plan is produced to direct the project team to update the project plan and properly respond to the risks. If appropriate, change requests are generated to mitigate technical risk. Risk profiles and/or risk matrices summarize the risks and contain the findings of the risk management process",""
"04c94723-71e4-41f9-9202-3e5d2b274900","BusinessObject","SEMP","Systems engineering management plan. The top‐level plan for managing the SE effort. It defines how the project will be organized, structured, and conducted and how the total engineering process will be controlled to provide a product that satisfies stakeholder requirements. Includes identification of required technical reviews and their completion criteria, methods for controlling changes, risk and opportunity assessment and methodology, and identification of other technical plans and documentation to be produced for the project",""
"08bc4610-9cf0-47bf-a527-c774eb516a9c","BusinessObject","Source documents","External documents relevant to the particular stage of procurement activity for the system of interest. Includes the written directives embodied in the source documents relevant to organizational strategies and policies",""
"2e33736a-044f-49c2-b14c-fbcf046aefc7","BusinessObject","Stakeholder needs","Needs determined from communication with external and internal stakeholders
in understanding their expectations, needs, requirements, values, problems,
issues, and perceived risks and opportunities",""
"3732c347-4472-4907-95f8-036c7e5354a1","BusinessObject","Stakeholder needs and requirements definition record","Permanent, readable form of data, information, or knowledge related to stakeholder needs and requirements definition",""
"01a98b72-0c19-4ec4-9d48-0fc28c743eb0","BusinessObject","Stakeholder needs and requirements definition strategy","Approaches, schedules, resources, and specific considerations required to
reflect consensus among the stakeholder classes to establish a common set of
acceptable requirements. Includes the approach to capture the stakeholder needs, transform them into stakeholder requirements, and manage them through the life cycle",""
"6d9f7dee-dfa8-4b73-99f6-93f5a5ca73c5","BusinessObject","Stakeholder requirements","Requirements from various stakeholders that will govern the project, including required system capabilities, functions, and/or services; quality standards; system constraints; and cost and schedule constraints. Stakeholder requirements may be captured in the Stakeholder Requirements Specification (StRS)",""
"36d4a899-bde6-4e37-8fa6-79df485d155c","BusinessObject","Stakeholder requirements traceability","Bidirectional traceability of the stakeholder requirements",""
"bd4606a1-70de-4e1f-89f2-d25e897552cc","BusinessObject","Strategy documents","Strategies for all applicable life processes, including business or mission analysis strategy, stakeholder needs and requirements definition strategy, system requirements definition strategy, architecture definition strategy, design definition strategy, system analysis strategy, implementation strategy, integration strategy, verification strategy, transition strategy, validation strategy, operation strategy, maintenance strategy, disposal strategy, project assessment and control strategy, decision management strategy, risk management strategy, configuration management strategy, information management strategy, measurement strategy, acquisition strategy, and supply strategy",""
"8b9772f2-961f-44d3-a108-0d2193e5d41a","BusinessObject","Supplied System","The system or system element (product or service) is delivered from the supplier to the acquirer consistent with the delivery conditions of the supply agreement",""
"81e259c0-4686-4b6d-9675-01e34a4587a5","BusinessObject","Supply agreement","An understanding of the relationship and commitments between the project organization and the acquirer. The agreement can vary from formal contracts to less formal interorganizational work orders. Formal agreements typically include terms and conditions",""
"d530c08e-86c5-4ed4-9493-8d1f6a253e42","BusinessObject","Supply payment","Payments or other compensations for the supplied system. Includes receipt and acknowledgement",""
"8c197b88-4dd9-4d28-9cfb-960f07869195","BusinessObject","Supply record","Permanent, readable form of data, information, or knowledge related to supply",""
"6c9e0231-450d-4afd-8eb1-bc266f39177f","BusinessObject","Supply report","An account prepared for interested parties in order to communicate the status, results, and outcomes of the supply activities",""
"33b69fd0-f296-45a7-b426-fc373103c301","BusinessObject","Supply response","The organization response to the request for supply",""
"df3d31fd-b3cb-4007-9ca1-354133b061d4","BusinessObject","Supply strategy","Approaches, schedules, resources, and specific considerations required to identify candidate projects for management consideration. May also include inputs to determine supply constraints. Should also include the identification of potential acquirers",""
"24938e6b-1736-4ec2-9581-66a19b89c89a","BusinessObject","System analysis record","Permanent, readable form of data, information, or knowledge related to system analysis",""
"f89f49bf-42de-4314-acce-9ce2ca6f689a","BusinessObject","System analysis report","An account prepared for interested parties in order to communicate the status, results, and outcomes of the system analysis activities. Includes the results of costs analysis, risks analysis, effectiveness analysis, and other critical characteristics analysis. Also includes all models or simulations that are developed for the analysis",""
"4e22fa01-df40-402d-9912-54dcc876b58c","BusinessObject","System analysis strategy","Approaches, schedules, resources, and specific considerations required to accomplish the various analyses to be carried out, including methods, procedures, evaluation criteria, or parameters",""
"c260cd18-3810-490b-a6ba-afd78fa2e9fc","BusinessObject","System architecture description","Description of the selected system architecture, typically presented in a set of architectural views (e.g., views from architecture frameworks), models (e.g., logical and physical models, although there are other kinds of models that might be useful), and architectural characteristics (e.g., physical dimensions, environment resistance, execution efficiency, operability, reliability, maintainability, modularity, robustness, safeguard, understandability, etc.) (ISO/IEC/IEEE 42010, 2010). Architecturally significant system elements are identified and defined to some degree in this artifact. (Other system elements might need to be added during the design definition process as the design is fleshed out)",""
"95d9105e-3d79-48bf-ad81-d34628503715","BusinessObject","System architecture rationale","Rationale for architecture selection, technological/technical system element selection, and allocation between system requirements and architectural entities (e.g., functions, input/output flows, system elements, physical interfaces, architectural characteristics, information/data elements, containers, nodes, links, communication resources)",""
"9cd824a5-310f-47ca-995a-9934f027965c","BusinessObject","System design description","Description of the selected system design. System elements are identified and defined",""
"86206312-c218-48f6-a910-da68d48fd64d","BusinessObject","System design rationale","Rationale for design selection, system element selection, and allocation between system requirements and system element. Includes rationale of major selected implementation options and enablers",""
"ca733799-24ee-457f-9a7a-8ea0e5fc83e6","BusinessObject","System element description","Design characteristics description of the system elements contained in the system; the description depends on the implementation technology (e.g., data sheets, databases, documents, exportable data files)",""
"678b853d-fe24-452c-9713-6a662900b891","BusinessObject","System element documentation","Detailed drawings, codes, and material specifications. Updated design documentation, as required by corrective action or adaptations caused by acquisition or conformance to regulations",""
"8b95999a-c8e0-49cb-9aff-ddc51c4ba995","BusinessObject","System elements","System elements implemented or supplied according to the acquisition agreement",""
"f68f2ec1-2ad4-49d7-899a-beba9d69a3d2","BusinessObject","System function definition","Definition of the functional boundaries of the system and the functions the system must perform",""
"135953ff-fb8f-4beb-b5de-3673cf2ff47b","BusinessObject","System function identification","Identification of the system functions",""
"1bb0180e-ad5a-46f1-856d-5278e5dac898","BusinessObject","System functional interface identification","Identification and documentation of the functional interfaces with systems external to the boundaries and the corresponding information exchange requirements",""
"a86aa7d9-f171-4c06-b536-a497058f4ce5","BusinessObject","System requirements","What the system needs to do, how well, and under what conditions, as required to meet project and design constraints. Includes types of requirements such as functional, performance, interface, behavior (e.g., states and modes, stimulus responses, fault and failure handling), operational conditions (e.g., safety, dependability, human factors, environmental conditions), transportation, storage, physical constraints, realization, integration, verification, validation, production, maintenance, disposal constraints, and regulation. System requirements may be captured in a document called the System Requirements Specification (SyRS) or just System Specification. This includes the requirements at any level in the system hierarchy",""
"3506e1b9-7229-456f-8771-ef3a99b78bd3","BusinessObject","System requirements definition record","Permanent, readable form of data, information, or knowledge related to system requirements definition",""
"cca11f71-f9e3-45f0-8352-7656cd0a581c","BusinessObject","System requirements definition strategy","Approaches, techniques, resources, and specific considerations required to be used to identify and define the system requirements and manage the requirements through the life cycle",""
"5217608c-403c-4774-a042-ea9e9cd46d53","BusinessObject","System requirements traceability","Bidirectional traceability of the system requirements",""
"71295167-90da-4086-9b97-0152ebcbc6ca","BusinessObject","TPM data","Data provided for the identified measurement needs",""
"c97c3a53-8622-4a96-bbf6-58c2014f22c4","BusinessObject","TPM needs","Identification of the TPM, which measure attributes of a system element to determine how well a system or system element is satisfying or expected to satisfy a technical requirement or goal",""
"ad05cc86-13fa-46e3-b623-aa6280ac9f32","BusinessObject","Trained operators and maintainers","Trained humans that will operate and maintain the system",""
"4fdb2e50-512e-416b-b2a0-adb06284014a","BusinessObject","Transition constraints","Any constraints on the system arising from the transition strategy including cost, schedule, and technical constraints",""
"011ac849-daf2-4042-825a-0cbfd4485c37","BusinessObject","Transition enabling system requirements","Requirements for any systems needed to enable transition of the system of interest",""
"473f3955-3f2d-4090-bab2-88d18bb00770","BusinessObject","Transition enabling system requirements","Requirements for any systems needed to enable transition of the system of interest",""
"ea42b17f-bb35-41c5-ad4b-694c45ea69ec","BusinessObject","Transition record","Permanent, readable form of data, information, or knowledge related to transition",""
"6c559e26-5e07-427b-84ee-ab438312caf5","BusinessObject","Transition report","An account prepared for interested parties in order to communicate the status, results, and outcomes of the transition activities. Includes documentation of the transition results and a record of any recommended corrective actions, such as limitations, concessions, and ongoing issues. Should also include plans to rectify any problems that arise during transition",""
"7e9cf2e5-a4ad-4bb5-8035-385eb1599dbe","BusinessObject","Transition strategy","Approaches, schedules, resources, and specific considerations required to transition the systems into its operation environment",""
"f6105dcf-0a13-4c12-85d9-e449652b0b9c","BusinessObject","Updated RVTM","An updated list of requirements, their verification attributes, and their traces",""
"3b0ecdf4-9356-439d-97d2-49d0ba3c3351","BusinessObject","Validated requirements","Confirmation that the various requirements will satisfy the business and stakeholder requirements",""
"80351b64-f201-4d42-97af-248475c50636","BusinessObject","Validated system","Validated system ready for supply and operation. Also informs maintenance and disposal",""
"67b72b13-0ac1-42aa-9bc4-23ff8846867c","BusinessObject","Validation constraints","Any constraint on the system arising from the validation strategy including cost, schedule, and technical constraints",""
"8d46c7ee-17b7-4f8f-8871-bed4f0a37965","BusinessObject","Validation criteria","The validation criteria (the measures to be assessed), who will perform validation activities, and the validation environments of the system of interest",""
"eec355d4-31d2-4c91-baf6-cfd736680964","BusinessObject","Validation enabling system requirements","Requirements for any systems needed to enable validation of the system of interest",""
"859ebfe8-9cac-4ddf-b0a6-467c488d2e31","BusinessObject","Validation procedure","A validation procedure that includes a set of validation actions, using specific validation techniques, performed with specific validation enablers",""
"07a23880-408c-47ef-b046-c9e84dcdb9d2","BusinessObject","Validation record","Permanent, readable form of data, information, or knowledge related to validation",""
"3793befa-68b0-41d4-be75-b1ccb189f430","BusinessObject","Validation report","An account prepared for interested parties in order to communicate the status, results, and outcomes of the validation activities. Includes validation results and the objective evidence confirming that the system satisfies its stakeholder requirements and business requirements or not. Should also communicate an assessment of the confidence level of the findings or results",""
"6c54ba35-1dad-4cc3-ae60-d04b5c2ef19d","BusinessObject","Validation strategy","Approaches, schedules, resources, and specific considerations required to accomplish the selected validation actions that minimize costs and risks while maximizing operational coverage of system behaviors",""
"ffbe63c8-7046-4f8d-97ce-c83a74116967","BusinessObject","Verification constraints","Any constraint on the system arising from the verification strategy including cost, schedule, and technical constraints",""
"d799ed49-121c-489d-b3bb-e4b8df04ac13","BusinessObject","Verification criteria","The verification criteria (the measures to be assessed), who will perform verification activities, and the verification environments of the system of interest",""
"e602b299-519f-48e5-a0be-777bea2bc9aa","BusinessObject","Verification enabling system requirements","Requirements for any systems needed to enable verification of the system of interest",""
"29b9ee3f-985f-405e-a64d-a4e7db3b7bc3","BusinessObject","Verification procedure","A verification procedure that includes a set of verification actions, using a specific verification method/technique, performed with specific verification enablers",""
"62780061-c5e6-47d1-9617-036308d3a40b","BusinessObject","Verification record","Permanent, readable form of data, information, or knowledge related to verification",""
"0cacddaa-22ba-4b56-8ed7-40e66f369c1d","BusinessObject","Verification report","An account prepared for interested parties in order to communicate the status, results, and outcomes of the verification activities. Includes verification results and the objective evidence confirming that the system fulfills its requirements, architectural characteristics, and design properties or not. Should also communicate an assessment of the confidence level of the findings or results",""
"17d08260-28d0-4381-a1bf-31ea252d918d","BusinessObject","Verification strategy","Approaches, schedules, resources, and specific considerations required to accomplish the selected verification actions that minimize costs and risks while maximizing operational coverage of system behavior",""
"5a713e08-04ff-482e-9a5a-4f8a17890f71","BusinessObject","Verified system","Verified system (or system element) ready for transition",""
"ea62060e-6178-4c22-acfe-b525988686af","BusinessObject","Work Breakdown Structure, WBS","The work breakdown structure is the decomposition of a project into smaller components and provides the necessary framework for detailed cost estimating and control. Includes a data dictionary. The costs for and description of the physical end products (hardware and software) may be captured in a product breakdown structure (PBS). The PBS supports bottoms up and algorithmic (parametric) cost estimating (see 10.1.3). The PBS is a key ingredient of commercial cost estimating tools",""
"98bd9a06-4c77-496e-8deb-7e44fea65c12","BusinessProcess","Accept the product or service","See detailed description in the INCOSE Handbook v.4, page 142",""
"32319b84-ba68-4f41-8d7e-f82494fb9b12","BusinessProcess","Acquire and provide skills","See detailed description in the INCOSE Handbook v.4, page 155",""
"070377d9-2b40-403c-8958-d2d56a210029","BusinessProcess","Activate the project","See detailed description in the INCOSE Handbook v.4, page 106",""
"7c00c1de-72bc-45f4-ae7d-6156a0dca1b8","BusinessProcess","Advertise the acquisition and select the supplier","See detailed description in the INCOSE Handbook v.4, page 141",""
"166d7165-2cba-42c3-9596-3dcf62089ff1","BusinessProcess","Analyze risks","See detailed description in the INCOSE Handbook v.4, page 116",""
"4b5db2e9-f33a-4fd9-beee-afb5f9c3c457","BusinessProcess","Analyze stakeholder requirements","See detailed description in the INCOSE Handbook v.4, page 54",""
"6f7b6ead-08fb-4e30-be78-921b38956230","BusinessProcess","Analyze system requirements","See detailed description in the INCOSE Handbook v.4, page 59",""
"96aa7901-6a00-474c-802d-dd43c4f6203f","BusinessProcess","Analyze the decision information","See detailed description in the INCOSE Handbook v.4, page 111",""
"291ee39d-c5d6-4c7d-90f9-b03394dd3615","BusinessProcess","Assess alternatives for obtaining system elements","See detailed description in the INCOSE Handbook v.4, page 72",""
"0c81e20b-9aba-4510-8d70-be0e70f652dc","BusinessProcess","Assess architecture candidates","See detailed description in the INCOSE Handbook v.4, page 67",""
"66e1f411-3f50-48a6-9516-7b1b2e39f824","BusinessProcess","Assess quality management","See detailed description in the INCOSE Handbook v.4, page 156",""
"2ba9055a-4928-4157-814c-8eb9d8a2d518","BusinessProcess","Assess the process","See detailed description in the INCOSE Handbook v.4, page 147",""
"c827462c-1738-4f39-9a31-bcc01628d2ad","BusinessProcess","Assess the project","See detailed description in the INCOSE Handbook v.4, page 109",""
"e0223b91-fefe-42a2-a551-f1e501a63512","BusinessProcess","Characterize the solution space","See detailed description in the INCOSE Handbook v.4, page 49",""
"b288abcb-7748-4ff8-bc1a-5484184de477","BusinessProcess","Control the project","See detailed description in the INCOSE Handbook v.4, page 110",""
"bf23c7f3-a5e5-4e6e-a519-dd28bb35e166","BusinessProcess","Define and authorize projects","See detailed description in the INCOSE Handbook v.4, page 152",""
"c44d632c-fa37-494d-a1d3-f7fbbca39c66","BusinessProcess","Define stakeholder needs","See detailed description in the INCOSE Handbook v.4, page 52",""
"8361ac6e-3163-419d-b7ce-2bc52aeaa95f","BusinessProcess","Define system requirements","See detailed description in the INCOSE Handbook v.4, page 59",""
"6b072860-6ec8-434f-b602-abaf37bf44a3","BusinessProcess","Define the problem or opportunity space","See detailed description in the INCOSE Handbook v.4, page 49",""
"b062f285-d23f-43d7-8b52-ee23b0532738","BusinessProcess","Define the project","See detailed description in the INCOSE Handbook v.4, page 105",""
"878e9448-08f7-484a-9077-db816bc09d0c","BusinessProcess","Deliver and support the product or service","See detailed description in the INCOSE Handbook v.4, page 144",""
"674ea294-b50e-4d42-8d07-194ba280c702","BusinessProcess","Develop architecture viewpoints","See detailed description in the INCOSE Handbook v.4, page 66",""
"8ae7c9a0-ee05-42e7-8b75-a2848060935a","BusinessProcess","Develop models and views of candidate architectures","See detailed description in the INCOSE Handbook v.4, page 67",""
"9e146a93-dd95-4b56-8915-40371fde9b91","BusinessProcess","Develop skills","See detailed description in the INCOSE Handbook v.4, page 155",""
"09aa1832-2f2e-4ea4-9fb6-ea02d56af2e1","BusinessProcess","Develop the operational concept and other lifecycle concepts","See detailed description in the INCOSE Handbook v.4, page 54",""
"9f1cabf9-c5ac-40c6-8e5f-ca4168811c82","BusinessProcess","Establish and maintain an agreement","See detailed description in the INCOSE Handbook v.4, page 143",""
"171dcbc7-ce35-4191-8577-8e6eb90fcbfc","BusinessProcess","Establish and maintain the agreement","See detailed description in the INCOSE Handbook v.4, page 141",""
"17fcc57a-a67f-455d-a79f-3129d5edf153","BusinessProcess","Establish design characteristics and design enablers related to each system element","See detailed description in the INCOSE Handbook v.4, page 72",""
"cafd526a-a29f-4fb5-8fa5-30f183586ba4","BusinessProcess","Establish the infrastructure","See detailed description in the INCOSE Handbook v.4, page 150",""
"fb3a082c-4a52-41b6-acc8-b8cf27d858f6","BusinessProcess","Establish the process","See detailed description in the INCOSE Handbook v.4, page 147",""
"e9e458be-eab7-4a55-888d-b0de5fdef740","BusinessProcess","Evaluate alternative solution classes","See detailed description in the INCOSE Handbook v.4, page 50",""
"720f998b-5bb2-4bf7-8eb0-32ad8bc72f4d","BusinessProcess","Evaluate the portfolio of projects","See detailed description in the INCOSE Handbook v.4, page 153",""
"6beb8bb6-d9f7-437c-83d4-1848fb9cb337","BusinessProcess","Execute the agreement","See detailed description in the INCOSE Handbook v.4, page 144",""
"0c3e42bb-5a0d-4cc0-a2c1-94bd571572f1","BusinessProcess","Finalize the disposal","See detailed description in the INCOSE Handbook v.4, page 102",""
"cc42acb5-d268-47a3-95f0-6b70e8a7fb90","BusinessProcess","Identify skills","See detailed description in the INCOSE Handbook v.4, page 154",""
"6ab50a85-4cb5-4e4e-bfc0-3d850d1fecf2","BusinessProcess","Improve the process","See detailed description in the INCOSE Handbook v.4, page 147",""
"81e861a6-f851-420d-b956-e4852d4e0252","BusinessProcess","Maintain the infrastructure","See detailed description in the INCOSE Handbook v.4, page 150",""
"9d59a4c2-13ed-4ef0-9c38-6f411feb1468","BusinessProcess","Make and manage decisions","See detailed description in the INCOSE Handbook v.4, page 112",""
"fb5daa60-be78-4f66-918f-9518e0fca3aa","BusinessProcess","Manage knowledge, skills and knowledge assets","See detailed description in the INCOSE Handbook v.4, page 160",""
"5317a75a-9c30-4ab6-a081-82032c592cfb","BusinessProcess","Manage QA records and reports","See detailed description in the INCOSE Handbook v.4, page 137",""
"77688b37-d752-4db2-8229-6e2d67702596","BusinessProcess","Manage results of implementation","See detailed description in the INCOSE Handbook v.4, page 78",""
"0cc327c0-35aa-4fae-920c-469880bba0f3","BusinessProcess","Manage results of integration","See detailed description in the INCOSE Handbook v.4, page 80",""
"b3e2339e-5360-4810-8678-8bb9509d3ec8","BusinessProcess","Manage results of maintenance and logistics","See detailed description in the INCOSE Handbook v.4, page 98",""
"bf0bb9e9-9cf5-47b3-91a9-35ffdcb1e989","BusinessProcess","Manage results of operation","See detailed description in the INCOSE Handbook v.4, page 96",""
"df6bd85d-05cb-4d90-ba1f-b968dd8abd0c","BusinessProcess","Manage results of transition","See detailed description in the INCOSE Handbook v.4, page 89",""
"24bbbb12-0f36-4260-a5d3-589e7eccc22f","BusinessProcess","Manage results of validation","See detailed description in the INCOSE Handbook v.4, page 91",""
"dff8f430-21e1-4a44-abeb-6eac8020783f","BusinessProcess","Manage results of verification","See detailed description in the INCOSE Handbook v.4, page 84",""
"3c093a1a-0273-4768-b1ff-7d857554e99d","BusinessProcess","Manage system analysis","See detailed description in the INCOSE Handbook v.4, page 76",""
"95e24d56-5a9c-4615-9ee2-ed55ae7e48d7","BusinessProcess","Manage system requirements","See detailed description in the INCOSE Handbook v.4, page 59",""
"b6d9f173-3056-44d2-ba0e-828ac87e9698","BusinessProcess","Manage the business or mission analysis","See detailed description in the INCOSE Handbook v.4, page 50",""
"122a67ac-e253-4c6f-8195-882edb677ec3","BusinessProcess","Manage the design","See detailed description in the INCOSE Handbook v.4, page 72",""
"e87fe7c8-b199-4bff-a4db-4743991f977b","BusinessProcess","Manage the risk profile","See detailed description in the INCOSE Handbook v.4, page 115",""
"910214b1-d90d-4433-bab9-267e9ca23637","BusinessProcess","Manage the selected architecture","See detailed description in the INCOSE Handbook v.4, page 67",""
"fc6d51cc-0388-4a6e-bc15-d4d93b366fe7","BusinessProcess","Manage the stakeholder needs and requirements definition","See detailed description in the INCOSE Handbook v.4, page 54",""
"8163fc24-4f67-4265-acd9-d476aacccb41","BusinessProcess","Monitor risks","See detailed description in the INCOSE Handbook v.4, page 116",""
"c21e50a0-63d3-4a00-9e77-a455585e2810","BusinessProcess","Monitor the agreement","See detailed description in the INCOSE Handbook v.4, page 141",""
"ab7a7487-78d5-4d45-9bf0-74bb1b0355ce","BusinessProcess","Pefrorm configuration evaluation","See detailed description in the INCOSE Handbook v.4, page 124",""
"69c34a33-1508-46fb-8a9d-9f1257a69d2c","BusinessProcess","Perform configuration change management","See detailed description in the INCOSE Handbook v.4, page 124",""
"22e751bd-fe72-45ee-82fc-8082b900031b","BusinessProcess","Perform configuration identification","See detailed description in the INCOSE Handbook v.4, page 123",""
"84526ecb-a390-4612-97ac-344f067d3332","BusinessProcess","Perform configuration status accounting","See detailed description in the INCOSE Handbook v.4, page 124",""
"7354ab4d-ef9c-4859-baab-7ebbfd269587","BusinessProcess","Perform disposal","See detailed description in the INCOSE Handbook v.4, page 102",""
"f1b0c35b-aa43-446c-ac88-bb80cf3d9531","BusinessProcess","Perform implementation","See detailed description in the INCOSE Handbook v.4, page 78",""
"0389cbc5-c27b-46fd-b988-7a0dc21e3533","BusinessProcess","Perform information management","See detailed description in the INCOSE Handbook v.4, page 129",""
"ef957f5f-38df-4d1e-9fe2-1d0c63139bfb","BusinessProcess","Perform integration - Successively integrate system element configurations until the complete system is synthesized","See detailed description in the INCOSE Handbook v.4, page 80",""
"e7dd065c-c63f-4fcd-8f8a-3bf3c8bde507","BusinessProcess","Perform logistics support","See detailed description in the INCOSE Handbook v.4, page 98",""
"72da9f83-f817-4477-9a7b-92ca6cf56783","BusinessProcess","Perform maintenance","See detailed description in the INCOSE Handbook v.4, page 98",""
"464fe660-4b41-4d65-bb4a-7b1881bafb24","BusinessProcess","Perform measurement","See detailed description in the INCOSE Handbook v.4, page 131",""
"457d14be-dfdf-4570-8f54-c43d2c806e90","BusinessProcess","Perform operation","See detailed description in the INCOSE Handbook v.4, page 96",""
"8e56b02a-3a02-4b7b-8779-d91ddbfe5476","BusinessProcess","Perform process evaluations","See detailed description in the INCOSE Handbook v.4, page 137",""
"1f01526c-a675-427d-8574-38e48f287ea4","BusinessProcess","Perform product or service evaluation","See detailed description in the INCOSE Handbook v.4, page 136",""
"746beea3-560d-4c78-b187-91300cc4d16d","BusinessProcess","Perform quality management corrective action and preventive action","See detailed description in the INCOSE Handbook v.4, page 156",""
"fb59859b-a511-4ef8-aef0-3c0ca11850ab","BusinessProcess","Perform release control","See detailed description in the INCOSE Handbook v.4, page 124",""
"47a466ad-cd5d-47bc-ba8b-a2f6ed6eda62","BusinessProcess","Perform system analysis","See detailed description in the INCOSE Handbook v.4, page 75",""
"324dfe0d-6f48-43a4-961b-ed5f94c32122","BusinessProcess","Perform the transition","See detailed description in the INCOSE Handbook v.4, page 89",""
"3bb6448d-87ca-495c-91c9-316be63da272","BusinessProcess","Perform validation","See detailed description in the INCOSE Handbook v.4, page 91",""
"ca9a2eff-0a4f-4cb9-b441-792afe58029c","BusinessProcess","Perform verification","See detailed description in the INCOSE Handbook v.4, page 84",""
"db04b580-bcd0-46ac-8a21-1af8cf995847","BusinessProcess","Plan configuration management","See detailed description in the INCOSE Handbook v.4, page 123",""
"7c7d2a1a-15a4-49e2-94e6-adb37030597e","BusinessProcess","Plan for project assessment and control","See detailed description in the INCOSE Handbook v.4, page 109",""
"2f36986c-1614-45ca-89c5-72fcff853e0b","BusinessProcess","Plan knowledge management","See detailed description in the INCOSE Handbook v.4, page 159",""
"8c08a084-cffb-470f-879f-0b8fb6772edc","BusinessProcess","Plan project and technical management","See detailed description in the INCOSE Handbook v.4, page 106",""
"2b40296a-e4e3-4570-b934-68fdb7ce5d0f","BusinessProcess","Plan quality management","See detailed description in the INCOSE Handbook v.4, page 156",""
"f71a2fcb-318b-402f-9c95-f812ee9f4677","BusinessProcess","Plan risk management","See detailed description in the INCOSE Handbook v.4, page 115",""
"9408bc6c-2238-4edc-9af8-a6281da7fb53","BusinessProcess","Prepare for architecture definition","See detailed description in the INCOSE Handbook v.4, page 65",""
"8b5c7aa1-8e75-4ed7-9bbf-3ea14e65ea23","BusinessProcess","Prepare for business or mission analysis","See detailed description in the INCOSE Handbook v.4, page 49",""
"373cfb10-d3f9-41aa-afbd-d36c93511c14","BusinessProcess","Prepare for decisions","See detailed description in the INCOSE Handbook v.4, page 111",""
"a8da4f0b-7107-4cba-ba2e-4dfeafaea056","BusinessProcess","Prepare for design definition","See detailed description in the INCOSE Handbook v.4, page 72",""
"6384bfa3-50d5-40e1-bdfa-d47841ca44b5","BusinessProcess","Prepare for disposal","See detailed description in the INCOSE Handbook v.4, page 101",""
"31c77dad-2e23-4880-85d0-c340748a0f8e","BusinessProcess","Prepare for implementation","See detailed description in the INCOSE Handbook v.4, page 78",""
"9be54015-4efa-4003-a9cd-4fc4117bddbf","BusinessProcess","Prepare for information management","See detailed description in the INCOSE Handbook v.4, page 128",""
"486b1247-30cc-4bc7-b6fe-ed4de602c811","BusinessProcess","Prepare for integration","See detailed description in the INCOSE Handbook v.4, page 79",""
"bf9b292e-49a0-4562-8f7f-b165cf29f7ae","BusinessProcess","Prepare for maintenance","See detailed description in the INCOSE Handbook v.4, page 97",""
"d6505e26-e32b-42d8-bead-f894bbf6ae1e","BusinessProcess","Prepare for measurement","See detailed description in the INCOSE Handbook v.4, page 131",""
"0764fd2e-e469-4b6d-8d9d-8919900ab2ab","BusinessProcess","Prepare for operation","See detailed description in the INCOSE Handbook v.4, page 96",""
"32a0644c-ea0f-4d6a-8336-eeab662d7a60","BusinessProcess","Prepare for quality assurance","See detailed description in the INCOSE Handbook v.4, page 136",""
"de4548fd-b8ed-4b09-8630-4f2e243b77c4","BusinessProcess","Prepare for stakeholder needs and requirements definition","See detailed description in the INCOSE Handbook v.4, page 52",""
"c9f996ca-6348-4aef-ac13-ec2cae88a3be","BusinessProcess","Prepare for supply","See detailed description in the INCOSE Handbook v.4, page 143",""
"1775df04-3e4e-4bd1-8df8-9dc820b2e90b","BusinessProcess","Prepare for system analysis","See detailed description in the INCOSE Handbook v.4, page 75",""
"03c991c0-e97c-4aa8-8f76-c4b3236a1315","BusinessProcess","Prepare for system requirements definition","See detailed description in the INCOSE Handbook v.4, page 59",""
"911e2867-f5e7-4dce-a526-697460bed17e","BusinessProcess","Prepare for the acquisition","See detailed description in the INCOSE Handbook v.4, page 140",""
"91a1c6cd-6a08-4132-bb1f-ab050034d91b","BusinessProcess","Prepare for transition","See detailed description in the INCOSE Handbook v.4, page 88",""
"def1c566-4dde-4e28-ab21-339097dc558d","BusinessProcess","Prepare for validation","See detailed description in the INCOSE Handbook v.4, page 90",""
"87614e7a-a7e3-4e4c-bf95-1547b015ffc8","BusinessProcess","Prepare for verification","See detailed description in the INCOSE Handbook v.4, page 83",""
"dc73650c-61a1-4761-afc8-95d38de90e07","BusinessProcess","Relate the architecture to design","See detailed description in the INCOSE Handbook v.4, page 67",""
"ded057cb-e1bf-478f-a843-c0e5b6eb9df0","BusinessProcess","Respond to a tender","See detailed description in the INCOSE Handbook v.4, page 143",""
"273a7caf-eb07-4f2f-b8b4-dbaa838f4de3","BusinessProcess","Share knowledge and skills throughout the organization","See detailed description in the INCOSE Handbook v.4, page 159",""
"d89f0b95-52db-44f4-83db-9dfa796e24bc","BusinessProcess","Share knowledge assets throughout the organization","See detailed description in the INCOSE Handbook v.4, page 160",""
"54306410-bc43-43a4-82b8-7f9b332abfa3","BusinessProcess","Support the customer","See detailed description in the INCOSE Handbook v.4, page 96",""
"4652fe49-5b72-4981-bb0b-a41860a8b99a","BusinessProcess","Terminate projects","See detailed description in the INCOSE Handbook v.4, page 153",""
"a109331c-2a05-4056-b13a-785979db6424","BusinessProcess","Transform stakeholder needs into stakeholder requirements","See detailed description in the INCOSE Handbook v.4, page 54",""
"01b77e2e-1050-4a30-b756-4f5e154ebf74","BusinessProcess","Treat incidents and problems","See detailed description in the INCOSE Handbook v.4, page 137",""
"e6aa30dd-2354-4dc4-83ae-7c5e8bab938c","BusinessProcess","Treat risks","See detailed description in the INCOSE Handbook v.4, page 116",""
"56d32241-b993-41bc-b1bb-b1a530cb4e63","Principle","Capability Engineering","",""
"ce110eaa-3ca7-4950-9953-5d509fcfecbd","Principle","Concurrent Engineering","Description:      
The application of the fundamental concepts of systems thinking to Systems Engineering. These concepts include understanding what a system is, its context within its environment, its boundaries and interfaces, and that it has a lifecycle. System thinking applies to the definition, development and production of systems within an enterprise and technological environment and is a framework for curiosity about any system of interest.      

Why it matters:      
Systems thinking is a way of dealing with increasing complexity. The fundamental concepts of systems thinking involve understanding how actions and decisions in one area affect another, and that the optimization of a system within its environment does not necessarily come from optimizing the individual system components. Systems Thinking is conducted within an enterprise and technological context. These contexts impact the lifecycle of the system and place requirements and constraints on the systems thinking being conducted. Failing to meet such constraints can have a serious effect on the enterprise and the value of the system.      

POSSIBLE CONTRIBUTORY TYPES OF EVIDENCE      
Any combination of the types of evidence may be acceptable (depending on how the Framework is tailored and used).  The Evidence items identified at each level indicate example Work products only.  Contributions to Work Products will generally differ at each proficiency level.       

LEARNING AND DEVELOPMENT      
The INCOSE Professional Development Portal provides example guidance on how to gain an initial awareness of a competency area and options for developing further competence thereafter.",""
"678ecda6-7558-4649-951b-9a343a169d94","Principle","Configuration Management","Description:      
The application of the fundamental concepts of systems thinking to Systems Engineering. These concepts include understanding what a system is, its context within its environment, its boundaries and interfaces, and that it has a lifecycle. System thinking applies to the definition, development and production of systems within an enterprise and technological environment and is a framework for curiosity about any system of interest.      

Why it matters:      
Systems thinking is a way of dealing with increasing complexity. The fundamental concepts of systems thinking involve understanding how actions and decisions in one area affect another, and that the optimization of a system within its environment does not necessarily come from optimizing the individual system components. Systems Thinking is conducted within an enterprise and technological context. These contexts impact the lifecycle of the system and place requirements and constraints on the systems thinking being conducted. Failing to meet such constraints can have a serious effect on the enterprise and the value of the system.      

POSSIBLE CONTRIBUTORY TYPES OF EVIDENCE      
Any combination of the types of evidence may be acceptable (depending on how the Framework is tailored and used).  The Evidence items identified at each level indicate example Work products only.  Contributions to Work Products will generally differ at each proficiency level.       

LEARNING AND DEVELOPMENT      
The INCOSE Professional Development Portal provides example guidance on how to gain an initial awareness of a competency area and options for developing further competence thereafter.",""
"7d5db779-8326-4d7c-bdc5-f7c52f30112a","Principle","Critical Thinking","",""
"852cd858-bd72-4faa-a97f-d9e37588d50e","Principle","Decision Management","Description:      
The application of the fundamental concepts of systems thinking to Systems Engineering. These concepts include understanding what a system is, its context within its environment, its boundaries and interfaces, and that it has a lifecycle. System thinking applies to the definition, development and production of systems within an enterprise and technological environment and is a framework for curiosity about any system of interest.      

Why it matters:      
Systems thinking is a way of dealing with increasing complexity. The fundamental concepts of systems thinking involve understanding how actions and decisions in one area affect another, and that the optimization of a system within its environment does not necessarily come from optimizing the individual system components. Systems Thinking is conducted within an enterprise and technological context. These contexts impact the lifecycle of the system and place requirements and constraints on the systems thinking being conducted. Failing to meet such constraints can have a serious effect on the enterprise and the value of the system.      

POSSIBLE CONTRIBUTORY TYPES OF EVIDENCE      
Any combination of the types of evidence may be acceptable (depending on how the Framework is tailored and used).  The Evidence items identified at each level indicate example Work products only.  Contributions to Work Products will generally differ at each proficiency level.       

LEARNING AND DEVELOPMENT      
The INCOSE Professional Development Portal provides example guidance on how to gain an initial awareness of a competency area and options for developing further competence thereafter.",""
"fc4b0442-8057-4882-aff4-2a445047bc03","Principle","General Engineering","",""
"5730d545-0781-4725-b854-d8716e2834b1","Principle","Information Management","Description:      
The application of the fundamental concepts of systems thinking to Systems Engineering. These concepts include understanding what a system is, its context within its environment, its boundaries and interfaces, and that it has a lifecycle. System thinking applies to the definition, development and production of systems within an enterprise and technological environment and is a framework for curiosity about any system of interest.      

Why it matters:      
Systems thinking is a way of dealing with increasing complexity. The fundamental concepts of systems thinking involve understanding how actions and decisions in one area affect another, and that the optimization of a system within its environment does not necessarily come from optimizing the individual system components. Systems Thinking is conducted within an enterprise and technological context. These contexts impact the lifecycle of the system and place requirements and constraints on the systems thinking being conducted. Failing to meet such constraints can have a serious effect on the enterprise and the value of the system.      

POSSIBLE CONTRIBUTORY TYPES OF EVIDENCE      
Any combination of the types of evidence may be acceptable (depending on how the Framework is tailored and used).  The Evidence items identified at each level indicate example Work products only.  Contributions to Work Products will generally differ at each proficiency level.       

LEARNING AND DEVELOPMENT      
The INCOSE Professional Development Portal provides example guidance on how to gain an initial awareness of a competency area and options for developing further competence thereafter.",""
"de077624-aebe-4b11-bf6a-b49320bfa97b","Principle","Integration","Description:      
The application of the fundamental concepts of systems thinking to Systems Engineering. These concepts include understanding what a system is, its context within its environment, its boundaries and interfaces, and that it has a lifecycle. System thinking applies to the definition, development and production of systems within an enterprise and technological environment and is a framework for curiosity about any system of interest.      

Why it matters:      
Systems thinking is a way of dealing with increasing complexity. The fundamental concepts of systems thinking involve understanding how actions and decisions in one area affect another, and that the optimization of a system within its environment does not necessarily come from optimizing the individual system components. Systems Thinking is conducted within an enterprise and technological context. These contexts impact the lifecycle of the system and place requirements and constraints on the systems thinking being conducted. Failing to meet such constraints can have a serious effect on the enterprise and the value of the system.      

POSSIBLE CONTRIBUTORY TYPES OF EVIDENCE      
Any combination of the types of evidence may be acceptable (depending on how the Framework is tailored and used).  The Evidence items identified at each level indicate example Work products only.  Contributions to Work Products will generally differ at each proficiency level.       

LEARNING AND DEVELOPMENT      
The INCOSE Professional Development Portal provides example guidance on how to gain an initial awareness of a competency area and options for developing further competence thereafter.",""
"767e48f2-4bc3-4c6a-a117-7f620c118e61","Principle","Interfaces","Description:      
The application of the fundamental concepts of systems thinking to Systems Engineering. These concepts include understanding what a system is, its context within its environment, its boundaries and interfaces, and that it has a lifecycle. System thinking applies to the definition, development and production of systems within an enterprise and technological environment and is a framework for curiosity about any system of interest.      

Why it matters:      
Systems thinking is a way of dealing with increasing complexity. The fundamental concepts of systems thinking involve understanding how actions and decisions in one area affect another, and that the optimization of a system within its environment does not necessarily come from optimizing the individual system components. Systems Thinking is conducted within an enterprise and technological context. These contexts impact the lifecycle of the system and place requirements and constraints on the systems thinking being conducted. Failing to meet such constraints can have a serious effect on the enterprise and the value of the system.      

POSSIBLE CONTRIBUTORY TYPES OF EVIDENCE      
Any combination of the types of evidence may be acceptable (depending on how the Framework is tailored and used).  The Evidence items identified at each level indicate example Work products only.  Contributions to Work Products will generally differ at each proficiency level.       

LEARNING AND DEVELOPMENT      
The INCOSE Professional Development Portal provides example guidance on how to gain an initial awareness of a competency area and options for developing further competence thereafter.",""
"6d716f18-f54e-4eca-80a2-aa079fe2140e","Principle","Lifecycles","",""
"6433992f-7560-4956-8e07-9e6e8fd7a3ef","Principle","Operation and Support","Description:      
The application of the fundamental concepts of systems thinking to Systems Engineering. These concepts include understanding what a system is, its context within its environment, its boundaries and interfaces, and that it has a lifecycle. System thinking applies to the definition, development and production of systems within an enterprise and technological environment and is a framework for curiosity about any system of interest.      

Why it matters:      
Systems thinking is a way of dealing with increasing complexity. The fundamental concepts of systems thinking involve understanding how actions and decisions in one area affect another, and that the optimization of a system within its environment does not necessarily come from optimizing the individual system components. Systems Thinking is conducted within an enterprise and technological context. These contexts impact the lifecycle of the system and place requirements and constraints on the systems thinking being conducted. Failing to meet such constraints can have a serious effect on the enterprise and the value of the system.      

POSSIBLE CONTRIBUTORY TYPES OF EVIDENCE      
Any combination of the types of evidence may be acceptable (depending on how the Framework is tailored and used).  The Evidence items identified at each level indicate example Work products only.  Contributions to Work Products will generally differ at each proficiency level.       

LEARNING AND DEVELOPMENT      
The INCOSE Professional Development Portal provides example guidance on how to gain an initial awareness of a competency area and options for developing further competence thereafter.",""
"58be83de-5aca-41af-ac46-27b69a79ff71","Principle","Requirements Definition","Description:      
The application of the fundamental concepts of systems thinking to Systems Engineering. These concepts include understanding what a system is, its context within its environment, its boundaries and interfaces, and that it has a lifecycle. System thinking applies to the definition, development and production of systems within an enterprise and technological environment and is a framework for curiosity about any system of interest.      

Why it matters:      
Systems thinking is a way of dealing with increasing complexity. The fundamental concepts of systems thinking involve understanding how actions and decisions in one area affect another, and that the optimization of a system within its environment does not necessarily come from optimizing the individual system components. Systems Thinking is conducted within an enterprise and technological context. These contexts impact the lifecycle of the system and place requirements and constraints on the systems thinking being conducted. Failing to meet such constraints can have a serious effect on the enterprise and the value of the system.      

POSSIBLE CONTRIBUTORY TYPES OF EVIDENCE      
Any combination of the types of evidence may be acceptable (depending on how the Framework is tailored and used).  The Evidence items identified at each level indicate example Work products only.  Contributions to Work Products will generally differ at each proficiency level.       

LEARNING AND DEVELOPMENT      
The INCOSE Professional Development Portal provides example guidance on how to gain an initial awareness of a competency area and options for developing further competence thereafter.",""
"8902eaf1-3dcc-4184-aea4-b9c39b35f241","Principle","System Architecting","Description:      
The application of the fundamental concepts of systems thinking to Systems Engineering. These concepts include understanding what a system is, its context within its environment, its boundaries and interfaces, and that it has a lifecycle. System thinking applies to the definition, development and production of systems within an enterprise and technological environment and is a framework for curiosity about any system of interest.      

Why it matters:      
Systems thinking is a way of dealing with increasing complexity. The fundamental concepts of systems thinking involve understanding how actions and decisions in one area affect another, and that the optimization of a system within its environment does not necessarily come from optimizing the individual system components. Systems Thinking is conducted within an enterprise and technological context. These contexts impact the lifecycle of the system and place requirements and constraints on the systems thinking being conducted. Failing to meet such constraints can have a serious effect on the enterprise and the value of the system.      

POSSIBLE CONTRIBUTORY TYPES OF EVIDENCE      
Any combination of the types of evidence may be acceptable (depending on how the Framework is tailored and used).  The Evidence items identified at each level indicate example Work products only.  Contributions to Work Products will generally differ at each proficiency level.       

LEARNING AND DEVELOPMENT      
The INCOSE Professional Development Portal provides example guidance on how to gain an initial awareness of a competency area and options for developing further competence thereafter.",""
"67fcc600-b286-48ed-8fb6-e5a8ca1f56d1","Principle","System Modelling and Analysis","",""
"2c0dd8c2-0cb4-40e9-8de6-1ba80c7e66c0","Principle","System Thinking","Description:      
The application of the fundamental concepts of systems thinking to Systems Engineering. These concepts include understanding what a system is, its context within its environment, its boundaries and interfaces, and that it has a lifecycle. System thinking applies to the definition, development and production of systems within an enterprise and technological environment and is a framework for curiosity about any system of interest.      

Why it matters:      
Systems thinking is a way of dealing with increasing complexity. The fundamental concepts of systems thinking involve understanding how actions and decisions in one area affect another, and that the optimization of a system within its environment does not necessarily come from optimizing the individual system components. Systems Thinking is conducted within an enterprise and technological context. These contexts impact the lifecycle of the system and place requirements and constraints on the systems thinking being conducted. Failing to meet such constraints can have a serious effect on the enterprise and the value of the system.      

POSSIBLE CONTRIBUTORY TYPES OF EVIDENCE      
Any combination of the types of evidence may be acceptable (depending on how the Framework is tailored and used).  The Evidence items identified at each level indicate example Work products only.  Contributions to Work Products will generally differ at each proficiency level.       

LEARNING AND DEVELOPMENT      
The INCOSE Professional Development Portal provides example guidance on how to gain an initial awareness of a competency area and options for developing further competence thereafter.",""
"70a7322b-07f5-4f75-919c-bf4f3a95be67","Requirement","(in addition to those at Supervised Practitioner level)","",""
"18143665-c4b6-4471-9ea0-6d35a2c178bf","Requirement","Adapts existing systems thinking practices on behalf of the enterprise to accommodate novel, complex or difficult system situations or problems","",""
"b29279f8-c3ab-4c12-8de4-359a461e3079","Requirement","Advises organizations beyond the enterprise boundary on complex or sensitive systems thinking issues","",""
"85410d1c-b7f3-4379-b3e3-fb11df3c781f","Requirement","Advises organizations beyond the enterprise boundary on the suitability of their approach to systems thinking ","",""
"3816cdd3-b997-479e-b362-0960e158cce1","Requirement","Champions the introduction of novel techniques and ideas in systems thinking beyond the enterprise boundary, in order to develop the wider Systems Engineering community in this competency","",""
"283b860d-8cea-4ac1-ade7-6ffe63689647","Requirement","Coaches individuals beyond the enterprise boundary in systems thinking techniques, in order to further develop their knowledge, abilities, skills or associated behaviors","",""
"9f9a4a4d-a423-4491-b6cc-0c0267d960a6","Requirement","Coaches or mentors practitioners across the enterprise in Systems thinking in order to develop their knowledge, abilities, skills or associated behaviors","",""
"08bfa3fd-bf2a-42e5-9f6f-293c0c0f3f39","Requirement","Communicates own knowledge and experience in systems thinking in order to improve best practice beyond the enterprise boundary","",""
"6bfc936b-9b29-438f-8017-5aa61c41ad90","Requirement","Creates enterprise-level policies, procedures, guidance and best practice for systems thinking, including associated tools","",""
"79f95449-e5bc-4530-bd8d-3fc15a3c4c9b","Requirement","Defines system characteristics in order to improve understanding of need","",""
"ecb23b9d-affe-4784-a53f-eef751a3ceff","Requirement","Defines the properties of a system","",""
"2006d67b-e9c9-4f68-b9df-1acdd74b1a39","Requirement","Develops existing case studies and examples of systems thinking to apply in new situations","",""
"ac1be2f1-52cb-4611-b802-aa22d7dc6ab8","Requirement","Develops expertise in this competency area through specialist Continual Professional Development (CPD) activities","",""
"ccf9a800-de34-43e8-b2f7-ba2a2d7c2af4","Requirement","Develops own understanding of this competency area through Continual Professional Development (CPD)","",""
"b2ea7f20-8584-47aa-a43b-49ea31b465fc","Requirement","Develops their own systems thinking insights to share thinking across the wider project (e.g. working groups, other teams)","",""
"86a794e4-c652-4621-9cdc-0dd3be793202","Requirement","Explains how business, enterprise and technology can each influence the definition and development of the system and vice versa","",""
"b85a2d63-5ab1-4a65-98ba-e6110690187c","Requirement","Explains how system behavior produces emergent properties","",""
"722e77fb-da5d-470b-966e-cc3bfcb69a44","Requirement","Explains what a “system hierarchy” is and why it is important","",""
"ea34b147-5c2e-4591-9258-15311a041b56","Requirement","Explains what “emergence” is, why it is important, and how it can be “positive” or negative” in its effect upon the system as a whole","",""
"e6bdcfd6-277d-4e73-bd69-9b107da54d63","Requirement","Explains what “system context” is for a given system of interest and describes why it is important","",""
"38d281f0-c514-4c89-903d-a7064d60b11a","Requirement","Explains what “systems thinking” is and explains why it is important","",""
"cece29ce-82cd-43e1-a557-7457b1d0b117","Requirement","Explains why it is important to be able to identify and understand what interfaces are","",""
"5d9c6e19-0d99-45ba-8c72-ddd0d1bf1ae4","Requirement","Explains why it is important to recognize interactions amongst systems and their elements","",""
"1fd8ef83-5217-4688-8f61-4c2f8e84b9b7","Requirement","Explains why it is important to understand purpose and functionality of a system of interest","",""
"d889ad3a-b0d7-4552-ad24-61e58fd098cc","Requirement","Explains why it may be necessary to approach systems thinking in different ways, depending on the situation, and provides examples","",""
"04aec3e0-e7ce-47a8-9293-79b910022acd","Requirement","Explains why the boundary of a system needs to be managed","",""
"6b625400-5b7a-4703-a8b4-d6a0e31ecdc2","Requirement","Guides new or supervised practitioners in System thinking techniques in order to develop their knowledge, abilities, skills or associated behaviors","",""
"1d9cda12-aebf-4c89-8fdd-113be48af701","Requirement","Guides team systems thinking activities in order to ensure current activities align to purpose","",""
"4feb9383-180d-4100-a855-a30bb324b717","Requirement","Identifies enterprise and technology issues affecting the design of a system and addresses them using a systems thinking approach","",""
"8e984779-7ec1-4dd7-823b-2225e713f636","Requirement","Identifies potential enterprise improvements to enable system development","",""
"06163104-8740-44a9-b4f1-1425fef7c0bc","Requirement","Identifies the context of a system from a range of viewpoints including system boundaries and external interfaces","",""
"2d2f0659-724a-42a9-ba7a-ccfa63646c87","Requirement","Identifies the influence of wider enterprise on a project","",""
"693cbc37-0fd2-4444-bc3a-0b0c1d3b005e","Requirement","Identifies the interaction between humans and systems, and systems and systems","",""
"7c75274f-e5a4-499f-b8dc-141f609e51c6","Requirement","Influences individuals and activities beyond the enterprise boundary to support the systems thinking approach of their own enterprise","",""
"641e7d30-19a0-4056-ab01-87c544bd9443","Requirement","Judges the suitability of project-level systems thinking on behalf of the enterprise, to ensure its validity","",""
"43604ba8-4e89-4829-a2e6-c114481ab330","Requirement","Maintains and enhances own competence in this area through Continual Professional Development (CPD) activities","",""
"5ea6ac4d-99db-4753-9341-e27113859590","Requirement","Maintains expertise in this competency area through specialist Continual Professional Development (CPD) activities","",""
"6d8bc958-ce19-49d3-99e4-1eef853ae6a7","Requirement","Persuades key enterprise-level stakeholders across the enterprise to support and maintain the technical capability and strategy of the enterprise","",""
"5ff86664-533a-49d7-8825-86f9a7c158db","Requirement","Persuades key stakeholders to address enterprise-level issues identified through systems thinking","",""
"a71a4401-c701-49a4-9bf5-be40037258b4","Requirement","Persuades project stakeholders across the enterprise to improve the suitability of project technical strategies in order to maintain their validity","",""
"be3499a6-4f22-459b-a11f-d8d67b03a84c","Requirement","Promotes the introduction and use of novel techniques and ideas in systems thinking across the enterprise, to improve enterprise competence in this area","",""
"1dfddf7e-58cb-40cd-aebe-895b53c266c4","Requirement","Uses analysis of a system functions and parts to predict resultant system behavior","",""
"d63f749a-2983-44b8-ac5e-5e5c7f5fd9dc","Requirement","Uses appropriate systems thinking approaches to a range of situations, integrating the outcomes to get a full understanding of the whole","",""
"a25c41b6-9aea-43da-9b64-7a05b600c5b3","Requirement","Uses systems thinking to contribute to enterprise technology development activities","",""
"db9f650d-1daf-4f45-a939-121bddd9a214","Requirement","Uses the principles of system partitioning within system hierarchy on a project","",""
"ef06a60e-10b1-40f6-aae4-e9c05eae3fac","Grouping","System Thinking - Awareness","",""
"b440f572-7c54-4437-9e84-e3cba4377470","Grouping","System Thinking - Expert","",""
"dcd92d40-d68b-4174-a08b-972659c1f2a5","Grouping","System Thinking - Lead Practitioner","",""
"6998f464-f236-4706-aff5-eca68525bfb0","Grouping","System Thinking - Practitioner","",""
"6d9f746d-ac20-46e1-ab04-bb75243c818e","Grouping","System Thinking - Supervised Practitioner","",""