"ID","Key","Value"
"15603b4a-2055-4a4e-a5a8-bde62073c06c","en_Name","Systems Engineering Process Model"
"15603b4a-2055-4a4e-a5a8-bde62073c06c","de_Name","Systems Engineering Prozessmodell"
"15603b4a-2055-4a4e-a5a8-bde62073c06c","de_Purpose","Das ist das interaktive Systems Engineering Prozessmodell - ein Teil des Produktes der Gesellschaft für Systems Engineering (GfSE, German INCOSE Chapter).

ANWENDUNGSHINWEISE
Navigation über Ansichte:
- im ""Model Tree"": ""Views"" aufklappen, die Ansicht ""01 - Systemlebenszyklusprozesse"" auswählen;
- für detaillierte Beschreibung der Einheiten im interaktiven Prozessmodell die Einheit (den Prozess, den Input oder den Output) auf der Ansicht mit linke Maustaste auswählen;
- für die Ansicht mit Inputs und Outputs auf das blaue Quadrat neben dem Prozessnamen klicken;
- für die Ansicht mit der Auflistung der Prozesse das blaue Rechteck mit dem Ansichtnamen ""01 - Systemlebenszyklusprozesse"" klicken.

Suche in der Liste der Einheiten im Prozessmodell:
- im ""Model Tree"": ""Model Content - Business"" aufklappen, Suche-Funktion im Browser aktivieren (Strg+F für Windows), den Namen der Einheit tippen;
- die gefundene Einheit mit Mouseclick auswählen.

Anmerkungen oder Fragen:
- als Issue im Git-Repository hinterlassen: https://git.io/JTFMF
- eine E-Mail an se-terms@gfse.de schreiben
---

Das Produkt der GfSE (German INCOSE Chapter)
Erstellt am: 27.06.2019
Aktualisiert am: 14.04.2021, v.1.1
Erstellt in der Arbeitsgruppe ""Terminologie im Systems Engineering""
https://gfse.de/prozessmodell
Source Model *.archimate: https://git.io/JTi9N
IT-Tool für Source Model: https://www.archimatetool.com
MACHT MIT: se-terms@gfse.de"
"15603b4a-2055-4a4e-a5a8-bde62073c06c","en_Purpose","*** Welcome to the Digital Systems Engineering Process Model - Product of INCOSE ***
This report was generated by a model in HTML format. It serves as an interactive handbook, allowing users to click on individual processes to learn more about their purpose. By clicking on the blue square within each process, users can delve deeper to review the process's inputs, outputs, and definition.

Additionally, users have the option to execute SQL queries to obtain a subset of the database that underlies the report. 

The source model, available in .archimate-file format for Archi tool, xml-file in the Open Exchange Format, or .csv-files, can be downloaded and modified with a preferred tool.
https://github.com/alef1986/Systems-Engineering-Process-Model

Please take note of the Application and Copyright notes provided below.

Created by: Alexander Efremov, CSEP, SE-ZERT B
alexander.efremoff@gmail.com; https://www.linkedin.com/in/alexander-efremov-88b65b28/

*** Application notes ***
To navigate through the interactive process model, follow these steps:
1. In the ""Model Tree,"" expand ""Views"" and select the view titled ""01 - System Life Cycle Processes.""
2. To obtain a detailed description of the units within the model (including processes, inputs, and outputs), click on the unit of interest using the left mouse button.
3. To view the inputs and outputs associated with a specific process, click on the blue square located next to the process name.
4. To view the list of processes within the ""01 - System Life Cycle Processes"" view, click on the blue rectangle associated with this view.

To search for a specific unit within the process model, follow these steps:
1. In the ""Model Tree,"" expand ""Model Content - Business.""
2. Activate the search function in your browser by pressing Ctrl+F (for Windows).
3. Type the name of the unit you are searching for in the search bar.
4. Use the mouse to select the unit found by the search function.

To execute SQL queries within the process model, follow these steps:
1. Click on ""Query"" located under ""Systems Engineering Process Model.""
2. Type in your query. Please note that knowledge of the data structure of the Archi tool is required for this step. For more information on SQL queries in the HTML report, please see the Archi Wiki at https://github.com/archimatetool/archi/wiki/SQL-queries-in-the-HTML-report.

To contact the author or report an issue:
1. follow the link on GitHub: https://git.io/JTFMF

*** Copyright notes ***
Different parts of this product have different copyright owners. Use of this product, is expressly subject to prior consent from the following parties: INCOSE, ISO or a national representative body, Wiley and the German Chapter of INCOSE GfSE e.V. (the “Consenting Parties”)
 
INCOSE grants permission, subject to consent from the additional Consenting Parties, on the following terms and conditions:
 
Author Use. Authors have full unfettered rights to use their contributions, with credit and attribution to the INCOSE Technical source, except with regard to abstraction, which requires additional credit to the source.
 
INCOSE Internal Use. Members of INCOSE are hereby permitted to reproduce and use this document, or parts thereof, including permission to prepare derivative works from this document for INCOSE’s internal use, with credit and attribution to INCOSE so long as this copyright notice is included with all reproductions and derivative works. 
 
INCOSE External Use. Sharing and reproduction of this document to non-affiliate third parties outside of INCOSE is permitted only when shared or reproduced in whole and not altered in any way. Any preparation of derivative works for external and/or commercial use is expressly prohibited unless otherwise granted in a separate written agreement between the end-user and INCOSE. Any external use not expressly permitted under this section shall be prior approved by INCOSE upon receipt of written request for the same sent to: INCOSE Central Office, 7670 Opportunity Road, Suite 220, San Diego, CA 92111-2222. 
 
INCOSE Corporate Advisory Board Use.  Member companies of the INCOSE Corporate Advisory Board are permitted to post and use this document internally, subject to the INCOSE External Use restrictions set forth above. 
 
This product contains quotations from ISO/IEC/IEEE 15288:2015. © ISO. These quotations are reproduced with permission of the American National Standards Institute (ANSI) on behalf of the International Organization for Standardization. These quotations are explicitly marked with a copyright note. All rights reserved.
 
This product contains quotations from the Book ""INCOSE Systems Engineering Handbook: A Guide for System Life Cycle Processes and Activities, 4th Edition"", ISBN: 978-1-118-99940-0, published by  John Wiley & Sons, Inc., authored by David D. Walden, ESEP, Garry J. Roedler, ESEP, Kevin J. Forsberg, ESEP, R. Douglas Hamelin, Thomas M. Shortell, CSEP. Permission is granted by John Wiley & Sons, Inc. All rights reserved.
 
This product contains quotations from the German translation of the aforementioned Handbook: ""INCOSE Systems Engineering Handbuch: Ein Leitfaden für Systemlebenszyklus-Prozesse und -Aktivitäten"", ISBN: 978-3-9818805-0-2, published by John Wiley & Sons, Inc., Authors of the translation: Dr. David Endler, CSEP, SE-Zert® Level A Martin Geisreiter, ESEP. SE-Zert® Level A Rüdiger Kaffenberger, SE-Zert® Level A Jürgen Rambo. © Gesellschaft für Systems Engineering e.V.

This product was created using the Archi modelling tool (www.archimatetool.com), distributed under an MIT type license. All rights reserved.

*** German Version of the product ***
This product is an improvement of the product of the GfSE (German INCOSE Chapter)
Created on: 06/27/2019
Updated on: 04/14/2021, v.1.1
Created in the working group ""Terminology in Systems Engineering""
https://gfse.de/processmodel"
"029eec0c-36b5-42e0-8bed-96cd6d7182c4","en_Name","Project Assessment and Control"
"029eec0c-36b5-42e0-8bed-96cd6d7182c4","de_Name","Projektbewertung und -steuerung"
"029eec0c-36b5-42e0-8bed-96cd6d7182c4","de_Desc","Gemäß ISO/IEC/IEEE 15288 (laut INCOSE Handbuch 4.0 - übersetzt von GfSE):
""[6.3.2.1] Der Zweck des Prozesses ""Projektbewertung und -steuerung"" ist es einzuschätzen, ob die Pläne abgestimmt und durchführbar sind. Darüber hinaus wird der Zustand des Projekts sowie die technische und die Prozessleistung ermittelt und das Projekt so gelenkt, dass die Ergebnisse den Aktivitäts- und Terminplänen entsprechen, innerhalb des geplanten Budgets liegen und die technischen Ziele erreicht werden""."
"029eec0c-36b5-42e0-8bed-96cd6d7182c4","en_Desc","As stated in ISO/IEC/IEEE 15288,
[6.3.2.1] The purpose of the Project Assessment and Control process is to assess if the plans are aligned and feasible; determine the status of the project, technical and process performance; and direct execution to ensure that the performance is according to plans and schedules, within projected budgets, to satisfy technical objectives."
"13e0bed5-2e8c-4178-a392-b9b7080c92d6","en_Name","Quality Management"
"13e0bed5-2e8c-4178-a392-b9b7080c92d6","de_Name","Qualitätsmanagement"
"13e0bed5-2e8c-4178-a392-b9b7080c92d6","de_Desc","Gemäß ISO/IEC/IEEE 15288 (laut INCOSE Handbuch 4.0 - übersetzt von GfSE):
""[6.2.5.1] Der Zweck des Prozesses ""Qualitätsmanagement"" besteht darin sicherzustellen, dass die Produkte und Dienstleistungen sowie die Anwendung des qualitätsmanagements die Qualitätsziele der Organisation erreichen und die Kunden zufriedenstellen""."
"13e0bed5-2e8c-4178-a392-b9b7080c92d6","en_Desc","As stated in ISO/IEC/IEEE 15288,
[6.2.5.1] The purpose of the Quality Management process is to assure that products, services and implementations of the quality management process meet organizational and project quality objectives and achieve customer satisfaction."
"13e19b84-beca-474c-8ab9-9d006c72bffb","en_Name","Stakeholder Needs and Requirements Definition"
"13e19b84-beca-474c-8ab9-9d006c72bffb","de_Name","Definition der Stakeholder-Bedarfe und -Anforderungen"
"13e19b84-beca-474c-8ab9-9d006c72bffb","de_Desc","Gemäß ISO/IEC/IEEE 15288 (laut INCOSE Handbuch 4.0 - übersetzt von GfSE):
""[6.4.2.1] Zweck des Prozesses ""Definition der Stakeholder-Bedarfe und -Anforderungen"" ist die Aufnahme sämtlicher Anforderungen an ein System, das die von Nutzern und anderen Stakeholdern benötigten Leistungen in einer definierten Umgebung erbringt""."
"13e19b84-beca-474c-8ab9-9d006c72bffb","en_Desc","As stated in ISO/IEC/IEEE 15288,
[6.4.2.1] The purpose of the Stakeholder Needs and Requirements Definition process is to define the stakeholder requirements for a system that can provide the capabilities needed by users and other stakeholders in a defined environment."
"1f4dc672-97ff-4f00-8b2b-20e42d40daa5","en_Name","Verification"
"1f4dc672-97ff-4f00-8b2b-20e42d40daa5","de_Name","Verifikation"
"1f4dc672-97ff-4f00-8b2b-20e42d40daa5","de_Desc","Gemäß ISO/IEC/IEEE 15288 (laut INCOSE Handbuch 4.0 - übersetzt von GfSE):
""[6.4.9.1] Der Zweck des Prozesses ""Verifikation"" ist es, nachzuweisen, dass das System die spezifizierten Anforderungen erfüllt und die geforderten Eigenschaften besitzt""."
"1f4dc672-97ff-4f00-8b2b-20e42d40daa5","en_Desc","As stated in ISO/IEC/IEEE 15288,
[6.4.9.1] The purpose of the Verification process is to provide objective evidence that a system or system element fulfils its specified requirements and characteristics."
"258aa5cb-514c-4ab8-8cbc-494dd3f4f386","en_Name","System Analysis"
"258aa5cb-514c-4ab8-8cbc-494dd3f4f386","de_Name","Systemanalyse"
"258aa5cb-514c-4ab8-8cbc-494dd3f4f386","de_Desc","Gemäß ISO/IEC/IEEE 15288 (laut INCOSE Handbuch 4.0 - übersetzt von GfSE):
""[6.4.6.1] Der Zweck des Prozesses ""Systemanalyse"" besteht darin, eine klare Grundlage an Daten und Informationen für das technische Verständnis zu schaffen, die als Entscheidungshilfe über den ganzen Lebenszyklus dient""."
"258aa5cb-514c-4ab8-8cbc-494dd3f4f386","en_Desc","As stated in ISO/IEC/IEEE 15288,
[6.4.6.1] The purpose of the System Analysis process is to provide a rigorous basis of data and information for technical understanding to aid decision‐making across the life cycle."
"46416b34-95e9-4757-9c59-ca9f291ea39b","en_Name","Integration"
"46416b34-95e9-4757-9c59-ca9f291ea39b","de_Name","Integration"
"46416b34-95e9-4757-9c59-ca9f291ea39b","de_Desc","As stated in ISO/IEC/IEEE 15288,
[6.4.8.1] The purpose of the Integration process is to synthesize a set of system elements into a realized system (product or service) that satisfies system requirements,
architecture, and design."
"46416b34-95e9-4757-9c59-ca9f291ea39b","en_Desc","As stated in ISO/IEC/IEEE 15288,
[6.4.8.1] The purpose of the Integration process is to synthesize a set of system elements into a realized system (product or service) that satisfies system requirements,
architecture, and design."
"491183c1-dd93-428b-a1aa-e8ba4bd51c57","en_Name","Architecture Definition"
"491183c1-dd93-428b-a1aa-e8ba4bd51c57","de_Name","Architekturgestaltung"
"491183c1-dd93-428b-a1aa-e8ba4bd51c57","de_Desc","Gemäß ISO/IEC/IEEE 15288 (laut INCOSE Handbuch 4.0 - übersetzt von GfSE):
""[6.4.4.1] Der Zweck des Prozesses ""Architekturgestaltung"" besteht darin, alternative Systemarchitekturen zu entwickeln, eine oder mehrere Alternativen auszuwählen, die den Stakeholder-Anliegen entsprechen sowie die Systemanforderungen erfüllen und dies in einer Reihe konsistenter Ansichten darzustellen""."
"491183c1-dd93-428b-a1aa-e8ba4bd51c57","en_Desc","As stated in ISO/IEC/IEEE 15288,
[6.4.4.1] The purpose of the Architecture Definition process is to generate system architecture alternatives, to select one or more alternative(s) that frame stakeholder
concerns and meet system requirements, and to express this in a set of consistent views."
"67584c24-782b-4a6e-a73e-1302dd306ed1","en_Name","Life Cycle Model Management"
"67584c24-782b-4a6e-a73e-1302dd306ed1","de_Name","Lebenszyklusmodell-Management"
"67584c24-782b-4a6e-a73e-1302dd306ed1","de_Desc","Gemäß ISO/IEC/IEEE 15288 (laut INCOSE Handbuch 4.0 - übersetzt von GfSE):
""[6.2.1.1] Der Zweck des Prozesses ""Lebenszyklusmodell-Management"" ist das Definieren, Pflegen und Sicherstellen der Verfügbarkeit von Richtlinien, Lebenszyklusprozessen, Lebenszyklusmodellen und Verfahren sowie deren Anwendung innerhalb der Organisation im Geltungsbereich der [ISO/IEC/IEEE 15288]""."
"67584c24-782b-4a6e-a73e-1302dd306ed1","en_Desc","As stated in ISO/IEC/IEEE 15288,
[6.2.1.1] The purpose of the Life Cycle Model Management process is to define, maintain, and assure availability of policies, life cycle processes, life cycle models, and procedures for use by the organization with respect to the scope of [ISO/IEC/IEEE 15288]."
"6fab2289-0d98-43f7-98e5-516aa0e46709","en_Name","Information Management"
"6fab2289-0d98-43f7-98e5-516aa0e46709","de_Name","Informationsmanagement"
"6fab2289-0d98-43f7-98e5-516aa0e46709","de_Desc","Gemäß ISO/IEC/IEEE 15288 (laut INCOSE Handbuch 4.0 - übersetzt von GfSE):
""[6.3.6.1] Der Zweck des Prozesses ""Informationsmanagement"" ist es, für festgelegte Stakeholder Informationen zu erzeugen, zu erhalten, zu bestätigen, umzuwandeln, zu sichern, abzufragen, zu verbreiten und zu löschen""."
"6fab2289-0d98-43f7-98e5-516aa0e46709","en_Desc","As stated in ISO/IEC/IEEE 15288,
[6.3.6.1] The purpose of the Information Management process is to generate, obtain, confirm, transform, retain, retrieve, disseminate and dispose of information, to designated stakeholders. 
Information management plans, executes, and controls the provision of information to designated stakeholders that is unambiguous, complete, verifiable, consistent, modifiable, traceable, and presentable. Information includes technical, project, organizational, agreement, and user information. Information is often derived from data records of the organization, system, process, or project."
"7095441f-861e-4a75-a5b7-5f65c9d58466","en_Name","Portfolio Management"
"7095441f-861e-4a75-a5b7-5f65c9d58466","de_Name","Portfoliomanagement"
"7095441f-861e-4a75-a5b7-5f65c9d58466","de_Desc","Gemäß ISO/IEC/IEEE 15288 (laut INCOSE Handbuch 4.0 - übersetzt von GfSE):
""[6.2.3.1] Zweck des Prozesses ""Portfoliomanagement"" ist es, notwendige, geeignete und hinreichend viele Projekte in die Wege zu leiten und aufrechtzuerhalten, damit die strategischen Ziele der Organisation erfüllt werden""."
"7095441f-861e-4a75-a5b7-5f65c9d58466","en_Desc","As stated in ISO/IEC/IEEE 15288,
[6.2.3.1] The purpose of the Portfolio Management process is to initiate and sustain necessary, sufficient and suitable projects in order to meet the strategic objectives of the organization."
"741b5780-1beb-4cea-b0a4-d70f0f050601","en_Name","Disposal"
"741b5780-1beb-4cea-b0a4-d70f0f050601","de_Name","Entsorgung"
"741b5780-1beb-4cea-b0a4-d70f0f050601","de_Desc","Gemäß ISO/IEC/IEEE 15288 (laut INCOSE Handbuch 4.0 - übersetzt von GfSE):
""[6.4.14.1] Der Zweck des Prozesses ""Entsorgung"" ist es, die Existenz eines Systemelements oder eines Systems, das für eine bestimmte Nutzung vorgesehen war, zu beenden. Die Entsorgung der ausgetauschten oder ausgemusterten Elemente ist entsprechend der festgelegten kritischen Bedarfe durchzuführen""."
"741b5780-1beb-4cea-b0a4-d70f0f050601","en_Desc","As stated in ISO/IEC/IEEE 15288,
[6.4.14.1] The purpose of the Disposal process is to end the existence of a system element or system for a specified intended use, appropriately handle replaced or retired elements, and to properly attend to identified critical disposal needs."
"7747cee8-f983-4c1f-a0ee-fd35ab346e5d","en_Name","Business or Mission Analysis"
"7747cee8-f983-4c1f-a0ee-fd35ab346e5d","de_Name","Geschäfts- oder Auftragsanalyse"
"7747cee8-f983-4c1f-a0ee-fd35ab346e5d","de_Desc","Gemäß ISO/IEC/IEEE 15288 (laut INCOSE Handbuch 4.0 - übersetzt von GfSE):
""Der Zweck des Prozesses ""Geschäfts- oder Auftragsanalyse"" ist es, die Problemstellung oder Chancen eines Geschäftsfalls oder eines Auftrags zu definieren, einen entsprechenden Lösungsrahmen zu entwickeln und mögliche Lösungsarten zu bestimmen, die zur Lösung des Problems oder zur Nutzung einer Chance herausgezogen werden können""."
"7747cee8-f983-4c1f-a0ee-fd35ab346e5d","en_Desc","As stated in ISO/IEC/IEEE 15288,
[6.4.1.1] The purpose of the Business or Mission Analysis process is to define the business or mission problem or opportunity, characterize the solution space, and determine potential solution class(es) that could address a problem or take advantage of an opportunity."
"83d72c0b-f74b-4619-9684-cf9cd7aad05d","en_Name","Quality Assurance"
"83d72c0b-f74b-4619-9684-cf9cd7aad05d","de_Name","Qualitätssicherung"
"83d72c0b-f74b-4619-9684-cf9cd7aad05d","de_Desc","Gemäß ISO/IEC/IEEE 15288 (laut INCOSE Handbuch 4.0 - übersetzt von GfSE):
""[6.3.8.1] Der Zweck des Prozesses ""Qualitätssicherung"" ist es, sicherzustellen, dass die Vorgaben des Organisationsprozesses ""Qualitätsmanagement"" wirkungsvoll auf das Projekt angewendet werden""."
"83d72c0b-f74b-4619-9684-cf9cd7aad05d","en_Desc","As stated in ISO/IEC/IEEE 15288,
[6.3.8.1] The purpose of the Quality Assurance process is to help ensure the effective application of the organization’s Quality Management process to the project."
"9261e84f-49e1-46f8-86ee-ed7fdb1ca83a","en_Name","Decision Management"
"9261e84f-49e1-46f8-86ee-ed7fdb1ca83a","de_Name","Entscheidungsmanagement"
"9261e84f-49e1-46f8-86ee-ed7fdb1ca83a","de_Desc","Gemäß ISO/IEC/IEEE 15288 (laut INCOSE Handbuch 4.0 - übersetzt von GfSE):
""[6.3.3.1] Der Zweck des Prozesses ""Entscheidungsmanagement"" ist, einen strukturierten, analytischen Rahmen für Entscheidungnen bereitzustellen. Innerhalb dieses Rahmens können zu jedem Zeitpunkt des Lebenszyklus Alternativen für eine Entscheidung objektiv identifiziert, charakterisiert und ausgewertet werden und die vorteilhafteste Vorgehensweise ausgewählt werden""."
"9261e84f-49e1-46f8-86ee-ed7fdb1ca83a","en_Desc","As defined by ISO/IEC/IEEE 15288,
[6.3.3.1] The purpose of the Decision Management process is to provide a structured, analytical framework for objectively identifying, characterizing and evaluating a set of alternatives for a decision at any point in the life cycle and select the most beneficial course of action."
"992bbd31-9b6a-4185-96a4-2f9aba857ac1","en_Name","Operation"
"992bbd31-9b6a-4185-96a4-2f9aba857ac1","de_Name","Betrieb"
"992bbd31-9b6a-4185-96a4-2f9aba857ac1","de_Desc","Gemäß ISO/IEC/IEEE 15288 (laut INCOSE Handbuch 4.0 - übersetzt von GfSE):
""[6.4.12.1] Der Zweck des Prozesses ""Betrieb"" besteht darin, die Dienste des Systems zu nutzen. Dieser Prozess findet häufig parallel zum Prozess ""Wartung"" statt""."
"992bbd31-9b6a-4185-96a4-2f9aba857ac1","en_Desc","As stated in ISO/IEC/IEEE 15288,
[6.4.12.1] The purpose of the Operation process is to use the system to deliver its services."
"9c015bfb-b80c-40de-b40d-80abe47553b6","en_Name","Infrastructure Management"
"9c015bfb-b80c-40de-b40d-80abe47553b6","de_Name","Infrastrukturmanagement"
"9c015bfb-b80c-40de-b40d-80abe47553b6","de_Desc","Gemäß ISO/IEC/IEEE 15288 (laut INCOSE Handbuch 4.0 - übersetzt von GfSE):
""[6.2.2.1] Der Zweck des Prozesses ""Infrastrukturmanagement"" besteht in der Versorgung der Projekte mit Infrastruktur (Einrichtungen und Ausrüstung) sowie Dienstleistungen zur Unterstützung der Organisations- und Projektziele während des gesamten Lebenszyklus""."
"9c015bfb-b80c-40de-b40d-80abe47553b6","en_Desc","As stated in ISO/IEC/IEEE 15288,
[6.2.2.1] The purpose of the Infrastructure Management process is to provide the infrastructure and services to projects to support organization and project objectives throughout the life cycle."
"9c83d5ef-01d7-4808-ad06-e4493fbf9cf6","en_Name","System Requirements Definition"
"9c83d5ef-01d7-4808-ad06-e4493fbf9cf6","de_Name","Definition der Systemanforderungen"
"9c83d5ef-01d7-4808-ad06-e4493fbf9cf6","de_Desc","Gemäß ISO/IEC/IEEE 15288 (laut INCOSE Handbuch 4.0 - übersetzt von GfSE):
""[6.4.3.1] Zweck des Prozesses ""Definition der Systemanforderungen"" ist die Überführung der Stakeholder- bzw. Nutzersicht auf die gewünschten Fähigkeiten in eine technische Sicht auf eine Lösung, die die betriebsbezogenen Bedarfe der Nutzer erfüllt""."
"9c83d5ef-01d7-4808-ad06-e4493fbf9cf6","en_Desc","As stated in ISO/IEC/IEEE 15288,
[6.4.3.1] The purpose of the System Requirements Definition process is to transform the stakeholder, useroriented view of desired capabilities into a technical view of a solution that meets the operational needs of the user."
"9d02dcd8-dca7-42a2-9425-d2aaa7458fba","en_Name","Validation"
"9d02dcd8-dca7-42a2-9425-d2aaa7458fba","de_Name","Validierung"
"9d02dcd8-dca7-42a2-9425-d2aaa7458fba","de_Desc","Gemäß ISO/IEC/IEEE 15288 (laut INCOSE Handbuch 4.0 - übersetzt von GfSE):
""[6.4.11.1] Der Zweck des Prozesses ""Validierung"" ist es, nachzuweisen, dass das System die beabsichtigten Dienste in seiner vorgesehenen Betriebsumgebung erbringt. Gleichzeitig wird nachgewiesen, dass die Geschäfts- bzw. Auftragsziele und die Stakeholder-Anforderungen erfüllt werden""."
"9d02dcd8-dca7-42a2-9425-d2aaa7458fba","en_Desc","As stated in ISO/IEC/IEEE 15288,
[6.4.11.1] The purpose of the Validation process is to provide objective evidence that the system, when in use, fulfills its business or mission objectives and stakeholder requirements, achieving its intended use in its intended operational environment."
"aa6772e6-4886-4a54-9a91-5ec034fe941d","en_Name","Risk Management"
"aa6772e6-4886-4a54-9a91-5ec034fe941d","de_Name","Risikomanagement"
"aa6772e6-4886-4a54-9a91-5ec034fe941d","de_Desc","Gemäß ISO/IEC/IEEE 15288 (laut INCOSE Handbuch 4.0 - übersetzt von GfSE):
""[6.3.4.1] Der Zweck des Prozesses ""Risikomanagement"" ist das Erkennen, Analysieren, Behandeln und Beobachten von Risiken""."
"aa6772e6-4886-4a54-9a91-5ec034fe941d","en_Desc","As stated in ISO/IEC/IEEE 15288,
[6.3.4.1] The purpose of the Risk Management process is to identify, analyze, treat and monitor the risks continually."
"af9e0d82-de0d-4bfd-93e7-1a3253e43e8c","en_Name","Project Planning"
"af9e0d82-de0d-4bfd-93e7-1a3253e43e8c","de_Name","Projektplanung"
"af9e0d82-de0d-4bfd-93e7-1a3253e43e8c","de_Desc","Gemäß ISO/IEC/IEEE 15288 (laut INCOSE Handbuch 4.0 - übersetzt von GfSE):
""[6.3.1.1] Der Zweck des Prozesses ""Projektplanung"" ist das Erzeugen und Koordinieren wirkungsvoller und ausführbarer Projektpläne""."
"af9e0d82-de0d-4bfd-93e7-1a3253e43e8c","en_Desc","As stated in ISO/IEC/IEEE 15288,
[6.3.1.1] The purpose of the Project Planning process is to produce and coordinate effective and workable plans."
"b8ac0880-99a6-478a-bf9d-ea454b055bd1","en_Name","Design Definition"
"b8ac0880-99a6-478a-bf9d-ea454b055bd1","de_Name","Entwurf"
"b8ac0880-99a6-478a-bf9d-ea454b055bd1","de_Desc","Gemäß ISO/IEC/IEEE 15288 (laut INCOSE Handbuch 4.0 - übersetzt von GfSE):
""[6.4.5.1] Der Zweck des Prozesses ""Entwurf"" besteht darin, ausreichend detaillierte Daten und Informationen über das System und seine Elemente zu liefern, so dass die Umsetzung in Übereinstimmung mit den in den Modellen und Ansichten der Systemarchitektur definierten Architektureinheiten erfolgen kann""."
"b8ac0880-99a6-478a-bf9d-ea454b055bd1","en_Desc","As stated in ISO/IEC/IEEE 15288,
[6.4.5.1] The purpose of the Design Definition process is to provide sufficient detailed data and information about the system and its elements to enable the imple-
mentation consistent with architectural entities as defined in models and views of the system architecture."
"be1b5c92-0387-4725-83aa-85e146694e2c","en_Name","Measurement"
"be1b5c92-0387-4725-83aa-85e146694e2c","de_Name","Messung"
"be1b5c92-0387-4725-83aa-85e146694e2c","de_Desc","Gemäß ISO/IEC/IEEE 15288 (laut INCOSE Handbuch 4.0 - übersetzt von GfSE):
""[6.3.7.1] Der Zweck des Prozesses ""Messung"" ist das Sammeln, Analysieren und Berichten von objektiven Daten und Informationen, um wirksames Steuern zu ermöglichen und die Qualität der Produkte, Dienstleistungen und Prozesse zu zeigen""."
"be1b5c92-0387-4725-83aa-85e146694e2c","en_Desc","As stated in ISO/IEC/IEEE 15288,
[6.3.7.1] The purpose of the Measurement process is to collect, analyze, and report objective data and information to support effective management and demonstrate the quality of the products, services, and processes."
"d25855a7-e8a3-4aa1-9801-7adcd555a4e8","en_Name","Supply"
"d25855a7-e8a3-4aa1-9801-7adcd555a4e8","de_Name","Lieferung"
"d25855a7-e8a3-4aa1-9801-7adcd555a4e8","de_Desc","Gemäß ISO/IEC/IEEE 15288 (laut INCOSE Handbuch 4.0 - übersetzt von GfSE):
""[6.1.2.1] Der Zweck des Prozesses ""Lieferung"" ist die Versorgung des Erwerbers mit einem Produkt oder einer Dienstleistung, in Übereinstimmung mit den vereinbarten Anforderungen""."
"d25855a7-e8a3-4aa1-9801-7adcd555a4e8","en_Desc","As stated in ISO/IEC/IEEE 15288,
[6.1.2.1] The purpose of the Supply process is to provide an acquirer with a product or service that meets agreed requirements."
"d489ff5e-6c55-4351-bc61-5d2f7ff52e54","en_Name","Maintenance"
"d489ff5e-6c55-4351-bc61-5d2f7ff52e54","de_Name","Wartung"
"d489ff5e-6c55-4351-bc61-5d2f7ff52e54","de_Desc","Gemäß ISO/IEC/IEEE 15288 (laut INCOSE Handbuch 4.0 - übersetzt von GfSE):
""[6.4.13] Der Zweck des Prozesses ""Wartung"" besteht darin, die Fähigkeit des Systems, seine Dienste zu erbringen, aufrechtzuerhalten""."
"d489ff5e-6c55-4351-bc61-5d2f7ff52e54","en_Desc","As stated in ISO/IEC/IEEE 15288,
[6.4.13] The purpose of the Maintenance process is to sustain the capability of the system to provide a service."
"dd630d51-558b-4ccc-9091-5f0822ff4d02","en_Name","Implementation"
"dd630d51-558b-4ccc-9091-5f0822ff4d02","de_Name","Umsetzung"
"dd630d51-558b-4ccc-9091-5f0822ff4d02","de_Desc","Gemäß ISO/IEC/IEEE 15288 (laut INCOSE Handbuch 4.0 - übersetzt von GfSE):
""[6.4.7.1] Der Zweck des Prozesses ""Umsetzung"" ist die Realisierung eines spezifiziertes Systemelements""."
"dd630d51-558b-4ccc-9091-5f0822ff4d02","en_Desc","As stated in ISO/IEC/IEEE 15288,
[6.4.7.1] The purpose of the Implementation process is to realize a specified system element."
"def60c92-d482-4f16-97a9-405f63db813a","en_Name","Human Resource Management"
"def60c92-d482-4f16-97a9-405f63db813a","de_Name","Personalmanagement"
"def60c92-d482-4f16-97a9-405f63db813a","de_Desc","Gemäß ISO/IEC/IEEE 15288 (laut INCOSE Handbuch 4.0 - übersetzt von GfSE):
""[6.2.4.1] Der Zweck des Prozesses ""Personalmanagement"" ist es, der Organisation das benötigte Personal bereitzustellen und dafür zu sorgen, dass die Fähigkeiten des Personals den Geschäftsbedarfen entsprechen""."
"def60c92-d482-4f16-97a9-405f63db813a","en_Desc","As stated in ISO/IEC/IEEE 15288,
[6.2.4.1] The purpose of the Human Resource Management process is to provide the organization with necessary human resources and to maintain their competencies, consistent with business needs."
"e51ea540-dbc6-4fe6-b89a-ea4643919bd8","en_Name","Acquisition"
"e51ea540-dbc6-4fe6-b89a-ea4643919bd8","de_Name","Beschaffung"
"e51ea540-dbc6-4fe6-b89a-ea4643919bd8","de_Desc","Gemäß ISO/IEC/IEEE 15288 (laut INCOSE Handbuch 4.0 - übersetzt von GfSE):
""[6.1.1.1] Der Zweck des Prozesses ""Beschaffung"" ist es, dass der Erwerber ein Produkt oder eine Dienstleistung gemäß seinen Anforderungen erhält""."
"e51ea540-dbc6-4fe6-b89a-ea4643919bd8","en_Desc","As stated in ISO/IEC/IEEE 15288,
[6.1.1.1] The purpose of the Acquisition process is to obtain a product or service in accordance with the acquirer’s requirements."
"eea96f65-e8bc-4243-a394-f617cfb27253","en_Name","Configuration Management"
"eea96f65-e8bc-4243-a394-f617cfb27253","de_Name","Konfigurationsmanagement"
"eea96f65-e8bc-4243-a394-f617cfb27253","de_Desc","Gemäß ISO/IEC/IEEE 15288 (laut INCOSE Handbuch 4.0 - übersetzt von GfSE):
""[6.3.5.1] Der Zweck des Prozesses ""Konfigurationsmanagement"" ist das Verwalten und Steuern von Systemelementen und Konfigurationen während des gesamten Lebenszyklus. Das Konfiturationsmanagement sichert auch die Konsistenz zwischen einem Produkt und der zugehörigen Konfigurationsdefinition""."
"eea96f65-e8bc-4243-a394-f617cfb27253","en_Desc","As stated in ISO/IEC/IEEE 15288,
[6.3.5.1] The purpose of the Configuration Management process is to manage and control system elements and configurations over the life cycle. CM also manages consistency between a product and its associated configuration definition."
"f7d4f910-6275-49bd-98aa-f81c73f3925b","en_Name","Transition"
"f7d4f910-6275-49bd-98aa-f81c73f3925b","de_Name","Übergabe"
"f7d4f910-6275-49bd-98aa-f81c73f3925b","de_Desc","Gemäß ISO/IEC/IEEE 15288 (laut INCOSE Handbuch 4.0 - übersetzt von GfSE):
""[6.4.10.1] Der Zweck des Prozesses ""Übergabe"" besteht darin, ein System zu befähigen, die in den Stakeholder-Anforderungen spezifizierten Dienste in der Betriebsumgebung zu erbringen""."
"f7d4f910-6275-49bd-98aa-f81c73f3925b","en_Desc","As stated in ISO/IEC/IEEE 15288,
[6.4.10.1] The purpose of the Transition process is to establish a capability for a system to provide services specified by stakeholder requirements in the operational environment."
"ff04e457-13dc-40af-aad1-e4d200062beb","en_Name","Knowledge Management"
"ff04e457-13dc-40af-aad1-e4d200062beb","de_Name","Wissensmanagement"
"ff04e457-13dc-40af-aad1-e4d200062beb","de_Desc","Gemäß ISO/IEC/IEEE 15288 (laut INCOSE Handbuch 4.0 - übersetzt von GfSE):
""Der Zweck des Prozesses ""Wissensmanagement"" ist es, die Fähigkeiten und Wissensbestände zu schaffen, mit denen die Organisation in die Lage versetzt wird, Chancen zu nutzen und bestehendes Wissen erneut anzuwenden""."
"ff04e457-13dc-40af-aad1-e4d200062beb","en_Desc","As stated in ISO/IEC/IEEE 15288,
The purpose of the Knowledge Management process is to create the capability and assets that enable the organization to exploit opportunities to re‐apply existing knowledge."
"0011d823-78e2-4606-9b9e-09d8b02a08d1","en_Name","Project lessons learned"
"0011d823-78e2-4606-9b9e-09d8b02a08d1","de_Name","""Lessons Learned"" des Projekts"
"0011d823-78e2-4606-9b9e-09d8b02a08d1","de_Desc","Laut INCOSE Handbuch 4.0 - übersetzt von GfSE:
""Lessons Learned"" des Projekts sind projektbezogene Lehren und Erkenntnisse. Sie sind das Ergebnisse einer Bewertung oder einer Beobachtung von durchgeführten Korrekturmaßnahmen, die zu verbesserten Leistung und zu erhöhter Leistungsfähigkeit beigetragen haben. ""Lessons Learned"" können sich ebenfalls aus der Bewertung oder Beobachtung eines positiven Ergebnisses ergeben, das keine anderen Korrekturmaßnahmen, sondern nur den Erhalt der positiven Maßnahmen erfordert (CJCS, 2012)""."
"0011d823-78e2-4606-9b9e-09d8b02a08d1","en_Desc","Project‐related lessons learned. Results from an evaluation or observation of an implemented corrective action that contributed to improved performance or increased capability. A lesson learned also results from an evaluation or observation of a positive finding that did not necessarily require corrective action other than sustainment (CJCS, 2012)"
"00414204-af8c-4af7-8cde-cd1acd96c3e9","en_Name","Project control requests"
"00414204-af8c-4af7-8cde-cd1acd96c3e9","de_Name","Projektsteuerungsanträge"
"00414204-af8c-4af7-8cde-cd1acd96c3e9","de_Desc","Laut INCOSE Handbuch 4.0 - übersetzt von GfSE:
""Projektsteuerungsanträge sind interne Projektvorgaben, die auf Handlungen beruhen, die sich aufgrund von Abweichungen zum Projektplan ergeben. Sie werden - falls erforderlich - sowohl dem Projektteam als auch dem Kunden mitgeteilt. Wenn Bewertungen mit einer Enrscheidungsschwelle verbunden sind, muss eine Entscheidung getroffen werden, ob fortgefahren werden soll oder nicht""."
"00414204-af8c-4af7-8cde-cd1acd96c3e9","en_Desc","Internal project directives based on action required due to deviations from the project plan. New directions are communicated to both project team and customer, when appropriate. If assessments are associated with a decision gate, a decision to proceed, or not to proceed, is taken"
"00c40702-c455-4cc7-b4e7-7e7ff622ac25","en_Name","Human resource management plan"
"00c40702-c455-4cc7-b4e7-7e7ff622ac25","de_Name","Personalmanagementplan"
"00c40702-c455-4cc7-b4e7-7e7ff622ac25","de_Desc","Laut INCOSE Handbuch 4.0 - übersetzt von GfSE:
Der Personalmanagementplan umfasst die Vorgehensweisen, Zeitpläne, Ressourcen und konkreten Überlegungen, um die in der Organisation bzw. den Projekten notwendigen Qualifikationen zu identifizieren. Der Personalmanagementplan umfasst den Trainingsplan der Organisation und die Beauftragung von externem Personal."
"00c40702-c455-4cc7-b4e7-7e7ff622ac25","en_Desc","Approaches, schedules, resources, and specific considerations required to identify the skill needs of the organization and projects. Includes the organizational training plan needed to develop internal personnel and the acquisition of external personnel"
"011ac849-daf2-4042-825a-0cbfd4485c37","en_Name","Transition enabling system requirements"
"011ac849-daf2-4042-825a-0cbfd4485c37","de_Name","Anforderungen an die übergabenunterstützenden Systeme"
"011ac849-daf2-4042-825a-0cbfd4485c37","de_Desc","Laut INCOSE Handbuch 4.0 - übersetzt von GfSE:
""Die Anforderunge an die übergabeunterstützenden Systeme sind die Anforderungen an alle Systeme, die die Übergabe des Zielssystems ermöglichen."""
"011ac849-daf2-4042-825a-0cbfd4485c37","en_Desc","Requirements for any systems needed to enable transition of the system of interest"
"01a98b72-0c19-4ec4-9d48-0fc28c743eb0","en_Name","Stakeholder needs and requirements definition strategy"
"01a98b72-0c19-4ec4-9d48-0fc28c743eb0","de_Name","Strategie zur Definition der Stakeholder-Bedarfe und -Anforderungen"
"01a98b72-0c19-4ec4-9d48-0fc28c743eb0","de_Desc","Laut INCOSE Handbuch 4.0 - übersetzt von GfSE:
""Die Strategie zur Definition de Stakeholder-Bedarfe und -Anforderungen umfasst die Vorgehensweisen, Zeitpläne, Ressourcen und konkrete Überlegungen, um Einigkeit zwischen den Stakeholder-Klassen über einen Katalog von angemessenen Anforderungen zu erzielen. Beinhaltet den Ansatz zur Aufnahme der Stakeholder-Bedarfe, zur Überführung in Stakeholder-Anforderungen und zur Verwaltung dieser über den gesamten Lebenszyklus hinweg""."
"01a98b72-0c19-4ec4-9d48-0fc28c743eb0","en_Desc","Approaches, schedules, resources, and specific considerations required to
reflect consensus among the stakeholder classes to establish a common set of
acceptable requirements. Includes the approach to capture the stakeholder needs, transform them into stakeholder requirements, and manage them through the life cycle"
"04c94723-71e4-41f9-9202-3e5d2b274900","en_Name","SEMP"
"04c94723-71e4-41f9-9202-3e5d2b274900","de_Name","SEMP"
"04c94723-71e4-41f9-9202-3e5d2b274900","de_Desc","Systems engineering management plan. The top‐level plan for managing the SE effort. It defines how the project will be organized, structured, and conducted and how the total engineering process will be controlled to provide a product that satisfies stakeholder requirements. Includes identification of required technical reviews and their completion criteria, methods for controlling changes, risk and opportunity assessment and methodology, and identification of other technical plans and documentation to be produced for the project"
"04c94723-71e4-41f9-9202-3e5d2b274900","en_Desc","Systems engineering management plan. The top‐level plan for managing the SE effort. It defines how the project will be organized, structured, and conducted and how the total engineering process will be controlled to provide a product that satisfies stakeholder requirements. Includes identification of required technical reviews and their completion criteria, methods for controlling changes, risk and opportunity assessment and methodology, and identification of other technical plans and documentation to be produced for the project"
"06619237-98c0-49d5-8134-08b7400eafc3","en_Name","Maintenance report"
"06619237-98c0-49d5-8134-08b7400eafc3","de_Name","Wartungsbericht"
"06619237-98c0-49d5-8134-08b7400eafc3","de_Desc","Laut INCOSE Handbuch 4.0 - übersetzt von GfSE:
""Der Wartungsbericht ist ein für Beteiligte erstellter Bericht um den Stand, die Resultate und Ergebnisse der Wartungsaktivitäten zu kommunizieren""."
"06619237-98c0-49d5-8134-08b7400eafc3","en_Desc","An account prepared for interested parties in order to communicate the status, results, and outcomes of the maintenance activities"
"0765321e-ec00-471a-bd73-98fc3511562f","en_Name","Preliminary TPM data"
"0765321e-ec00-471a-bd73-98fc3511562f","de_Name","vorläufige technische Leistungsmessdaten"
"0765321e-ec00-471a-bd73-98fc3511562f","de_Desc","Laut INCOSE Handbuch 4.0 - übersetzt von GfSE:
""Die vorläufigen technischen Leistungsmessdaten sind die für die identifizierten Messbedarfe vorab bereitgestellten Daten""."
"0765321e-ec00-471a-bd73-98fc3511562f","en_Desc","Preliminary data provided for the identified measurement needs"
"07a23880-408c-47ef-b046-c9e84dcdb9d2","en_Name","Validation record"
"07a23880-408c-47ef-b046-c9e84dcdb9d2","de_Name","Validierungsprotokoll"
"07a23880-408c-47ef-b046-c9e84dcdb9d2","de_Desc","Laut INCOSE Handbuch 4.0 - übersetzt von GfSE:
""Ein Validierungsprotokoll enthält die lesbaren Aufzeichnungen der Daten, Informationen oder des Wissens bezogen auf die Validierung""."
"07a23880-408c-47ef-b046-c9e84dcdb9d2","en_Desc","Permanent, readable form of data, information, or knowledge related to validation"
"08bc4610-9cf0-47bf-a527-c774eb516a9c","en_Name","Source documents"
"08bc4610-9cf0-47bf-a527-c774eb516a9c","de_Name","Quelldokumente"
"08bc4610-9cf0-47bf-a527-c774eb516a9c","de_Desc","Laut INCOSE Handbuch 4.0 - übersetzt von GfSE:
""Quelldokumente sind externe Dokumente, die zu einer bestimmten Phase der Beschaffungen für das Zielsystem von Interesse sind. Dazu gehört auch die Abschrift von relevanten organisatorischen Strategien und Regelungen, die sich in den Quelldokumenten finden""."
"08bc4610-9cf0-47bf-a527-c774eb516a9c","en_Desc","External documents relevant to the particular stage of procurement activity for the system of interest. Includes the written directives embodied in the source documents relevant to organizational strategies and policies"
"08d48b33-781f-4f5c-b86b-a03f094021da","en_Name","Human resource management report"
"08d48b33-781f-4f5c-b86b-a03f094021da","de_Name","Personalmanagementbericht"
"08d48b33-781f-4f5c-b86b-a03f094021da","de_Desc","Laut INCOSE Handbuch 4.0 - übersetzt von GfSE:
Der Personalmanagementbericht ist in für Beteiligte erstellter Bericht, um den Stand, die Resultate und die Ergebnisse der Personalmanagementaktivitäten zu kommunizieren."
"08d48b33-781f-4f5c-b86b-a03f094021da","en_Desc","An account prepared for interested parties in order to communicate the status, results, and outcomes of the human resource management activities"
"09c41e1d-534a-47a8-8165-053b68407206","en_Name","Integration report"
"09c41e1d-534a-47a8-8165-053b68407206","de_Name","Integrationsbericht"
"09c41e1d-534a-47a8-8165-053b68407206","de_Desc","Laut INCOSE Handbuch 4.0 - übersetzt von GfSE:
""Der Integrationsbericht ist ein für Beteiligte erstellter Bericht, um den Stand, die Resultate und Ergebnisse der Integrationsaktivitäten zu kommunizieren. Er umfasst die Dokumentation der Integrationstests und Analyseergebnisse, Qualitätsmängel und validierten internen Schnittstellen""."
"09c41e1d-534a-47a8-8165-053b68407206","en_Desc","An account prepared for interested parties in order to communicate the status, results, and outcomes of the integration activities. Includes documentation of the integration testing and analysis results, areas of nonconformance, and validated internal interfaces"
"0cacddaa-22ba-4b56-8ed7-40e66f369c1d","en_Name","Verification report"
"0cacddaa-22ba-4b56-8ed7-40e66f369c1d","de_Name","Verifikationsbericht"
"0cacddaa-22ba-4b56-8ed7-40e66f369c1d","de_Desc","Laut INCOSE Handbuch 4.0 - übersetzt von GfSE:
""Der Verifikationsbericht ist ein für Beteiligte erstellter Bericht um den Stand, die Resultate und Ergebnisse der Verifikationsaktivitäten zu kommunizieren. Er enthält Ergebnisse der Verifikation und den objektiven Nachweis der bestätigt, dass das System die Anforderungen, die Architektureigenschaften und Entwurfsmerkmale erfüllt oder nicht erfüllt. Der Verifikationsbericht sollte auch eine Bewertung der Verlässichkeit dieser Ergebnisse bzw. Erkenntnisse umfassen""."
"0cacddaa-22ba-4b56-8ed7-40e66f369c1d","en_Desc","An account prepared for interested parties in order to communicate the status, results, and outcomes of the verification activities. Includes verification results and the objective evidence confirming that the system fulfills its requirements, architectural characteristics, and design properties or not. Should also communicate an assessment of the confidence level of the findings or results"
"1087d39a-f946-4bb7-9b49-a3cd16f63b78","en_Name","Disposal strategy"
"1087d39a-f946-4bb7-9b49-a3cd16f63b78","de_Name","Entsorgungsstrategie"
"1087d39a-f946-4bb7-9b49-a3cd16f63b78","de_Desc","Laut INCOSE Handbuch 4.0 - übersetzt von GfSE:
""Die Entsorgungsstrategie umfasst die Vorgehensweisen, Zeitpläne, Ressourcen und konkreten Überlegungen, um sicherzustellen, dass das System oder die Systemelemente deaktiviert, zerlegt bzw. außer Betrieb genommen wurden."""
"1087d39a-f946-4bb7-9b49-a3cd16f63b78","en_Desc","Approaches, schedules, resources, and specific considerations required to ensure the system or system elements are deactivated, disassembled, and removed from operations"
"13069d0f-ac8f-4933-a9a5-00bed405832d","en_Name","Business requirements"
"13069d0f-ac8f-4933-a9a5-00bed405832d","de_Name","Geschäftsanforderungen"
"13069d0f-ac8f-4933-a9a5-00bed405832d","de_Desc","Laut INCOSE Handbuch 4.0 - übersetzt von GfSE:
""Die Geschäftsanforderungen sind die geschäftlichen Rahmenbedingungen innerhalb derer die Stakeholder Anforderungen definiert werden.
Die Geschäftsanforderungen bestimmen das Projekt, einschließlich der Vertragsbedingungen, der Qualitätsstandards sowie der kosten- und zeitbezogenen Rahmenbedingungen. Sie können in einer ""Spezifikation der Geschäftsanforderungen"" (BRS, Busines Requirements Specification) erfasst werden, die von der Geschäftsleistung freigegeben wird.

Hinweis: Geschäftsanforderungen werden im Produktlebenszyklus nicht immer formal erfasst""."
"13069d0f-ac8f-4933-a9a5-00bed405832d","en_Desc","Definition of the business framework within which stakeholders will define their requirements. Business requirements govern the project, including agreement constraints, quality standards, and cost and schedule constraints. Business requirements may be captured in a Business Requirements Specification (BRS), which is approved by the business leadership 
Note: Business requirements may not always be formally captured in the system life cycle"
"135953ff-fb8f-4beb-b5de-3673cf2ff47b","en_Name","System function identification"
"135953ff-fb8f-4beb-b5de-3673cf2ff47b","de_Name","Identifikation der Systemfunktionen"
"135953ff-fb8f-4beb-b5de-3673cf2ff47b","de_Desc","Laut INCOSE Handbuch 4.0 - übersetzt von GfSE:
""Die Identifikation der Systemfunktionen umfasst das Ermitteln der Systemfunktionen""."
"135953ff-fb8f-4beb-b5de-3673cf2ff47b","en_Desc","Identification of the system functions"
"159bc10b-d17a-4007-8999-7e234ba9b341","en_Name","Portfolio management report"
"159bc10b-d17a-4007-8999-7e234ba9b341","de_Name","Portfoliomanagementbericht"
"159bc10b-d17a-4007-8999-7e234ba9b341","de_Desc","Laut INCOSE Handbuch 4.0 - übersetzt von GfSE:
Der Portfoliomanagementbericht ist ein für Beteiligte erstellter Bericht um den Stand, die Resultate und Ergebnisse der Portfoliomanagementaktivitäten zu kommunizieren."
"159bc10b-d17a-4007-8999-7e234ba9b341","en_Desc","An account prepared for interested parties in order to communicate the status, results, and outcomes of the portfolio management activities"
"15d17abc-2d9e-4323-be4e-1d7730d99a7f","en_Name","Project schedule"
"15d17abc-2d9e-4323-be4e-1d7730d99a7f","de_Name","Projektzeitplan"
"15d17abc-2d9e-4323-be4e-1d7730d99a7f","de_Desc","Laut INCOSE Handbuch 4.0 - übersetzt von GfSE:
""Der Projektzeitplan des Projekts ist eine verknüpfte Liste der meilensteine, Aktivitäten und Ergebnisse mit geplanten Start- und Endtermine.
Er kann einen übergeordneten Meilensteinplan sowie mehrere Ebenen von Zeitplänen mit steigendem Detaillierungsgrad und Aufgabenbeschreibungen mit Abnahmekriterien und berechtigungen enthalten""."
"15d17abc-2d9e-4323-be4e-1d7730d99a7f","en_Desc","A linked list of a project’s milestones, activities, and deliverables with intended start and finish dates. May include a top‐level milestone schedule and multiple levels (also called tiers) of schedules of increasing detail and task descriptions with completion criteria and work authorizations"
"16119af6-d790-4d4a-a461-db9ee60ec2c5","en_Name","Quality management plan"
"16119af6-d790-4d4a-a461-db9ee60ec2c5","de_Name","Qualitätsmanagementplan"
"16119af6-d790-4d4a-a461-db9ee60ec2c5","de_Desc","Laut INCOSE Handbuch 4.0 - übersetzt von GfSE:
""Der Qualitätsmanagementplan umfasst die übergreifende Orientierung, sozusagen die ""Qualitätsphilosophie"" der Unternehmung und somit die Organisation der Qualität. Er umfasst anwendbare Prüfungen, Audits und andere Überwachungsaktivitäten. Dazu gehört eine Reihe von Richtlinien und Verfahren, einschließlich der spezifischen Methoden und Techniken, die für QM-Praktiken innerhalb einer Unternehmung gelten. Der Qualitätsmanagementplan enthält auch die messbaren Qualitätsziele für Prozesse und Systeme, die zusammen mit den zugewiesenen Verantwortlichkeiten und Berechtigungen für das QM innerhalb der Organisation gelten. Der Katalog an QM-Projektaktivitäten bildet die Grundlage für die Qualitätssicherung im Projekt""."
"16119af6-d790-4d4a-a461-db9ee60ec2c5","en_Desc","The overarching guidance that explains the organization’s quality philosophy and quality organization. Describes the QM organization and applicable audit, evaluation, and monitoring activities. This includes the set of policies and procedures, including specific methods and techniques that apply to QM practices within the organization. It also includes quality objectives for processes and systems that are measurable, along with the assigned accountability and authority for QM within the organization. The set of project QM activities form the basis of the project quality assurance"
"1676b914-b386-4251-baca-a7a1b35767ab","en_Name","Integration enabling system requirements"
"1676b914-b386-4251-baca-a7a1b35767ab","de_Name","Anforderungen an die integrationsunterstützenden Systeme"
"1676b914-b386-4251-baca-a7a1b35767ab","de_Desc","Laut INCOSE Handbuch 4.0 - übersetzt von GfSE:
""Die Anforderungen an die integrationsunterstützenden Systeme umfassen die Anforderungen an alle Systeme, die die Integration des Zielsystems ermöglichen."""
"1676b914-b386-4251-baca-a7a1b35767ab","en_Desc","Requirements for any systems needed to enable integration of the system of interest"
"16bc161f-4215-4437-b6e5-6821e736a9a3","en_Name","Records"
"16bc161f-4215-4437-b6e5-6821e736a9a3","de_Name","Protokolle"
"16bc161f-4215-4437-b6e5-6821e736a9a3","de_Desc","Laut INCOSE Handbuch 4.0 - übersetzt von GfSE:
Protokolle sind lesbare Aufzeichnungen der Daten, Informationen oder des Wissens bezogen auf alle gültigen Lebenszyklusprozesse. Sie umfassen Protokolle zur Geschäfts- oder Auftragsanalyse, zur Definition der Stakeholder-Bedarfe und -Anforderungen, zur Definition der Systemanforderungen, zur Architekturgestaltung, zum Entwurf, zur Systemanalyse, zur Umsetzung, zur Integration, zur Verifikation, zur Übergabe, zur Validierung, zum Betrieb, zur Wartung, zur Entsorgung, zur Projektplanung, zur Projektbewertung und -Steuerung, zu Entscheidungen, zu Risiken, zum Konfigurationsmanagement, zum Informationsmanagement, zu Messungen, zur Qualitätssicherung, zu Beschaffungen, zu Zulieferungen, zum Lebenszyklusmodell-Management, zum Infrastrukturmanagement, zum Portfoliomanagement, zum Personalmanagement, zum Qualitätsmanagement."
"16bc161f-4215-4437-b6e5-6821e736a9a3","en_Desc","Records from all applicable life cycle processes, including business or mission analysis record, stakeholder needs and requirements definition record, system requirements definition record, architecture definition record, design definition record, system analysis record, implementation record, integration record, verification record, transition record, validation record, operation record, maintenance record, disposal record, project planning record, project assessment and control record, decision record, risk record, configuration management record, information management record, measurement record, quality assurance record, acquisition record, supply record, life cycle model management record, infrastructure management record, portfolio management record, human resource management record, and QM record"
"17d08260-28d0-4381-a1bf-31ea252d918d","en_Name","Verification strategy"
"17d08260-28d0-4381-a1bf-31ea252d918d","de_Name","Verifikationsstrategie"
"17d08260-28d0-4381-a1bf-31ea252d918d","de_Desc","Laut INCOSE Handbuch 4.0 - übersetzt von GfSE:
""Die Verifikationsstrategie umfasst die Vorgehensweisen, Zeitpläne, Ressourcen und konkrete Überlegungen, um die ausgewählten Verifikationstätigkeiten durchzuführen, durch die Kosten und Risiken gesenkt und gleichzeitig das betriebsbezogene Systemverhalten maximal abdeckt wird""."
"17d08260-28d0-4381-a1bf-31ea252d918d","en_Desc","Approaches, schedules, resources, and specific considerations required to accomplish the selected verification actions that minimize costs and risks while maximizing operational coverage of system behavior"
"19a718e8-1698-4fef-ae41-a45c4fef3aa2","en_Name","Disposal report"
"19a718e8-1698-4fef-ae41-a45c4fef3aa2","de_Name","Entsorgungsbericht"
"19a718e8-1698-4fef-ae41-a45c4fef3aa2","de_Desc","Laut INCOSE Handbuch 4.0 - übersetzt von GfSE:
""Der Entsorgungsbericht ist ein für Beteiligte erstellter Bericht, um den Stand, die Resultate und die Ergebnisse der Entsorgungsaktivitäten zu kommunizieren.

Dazu kann folgendes gehören: ein Verzeichnis der Systemelemente, die wiederverwendet oder eingelagert werden, sowie die Dokumentation oder Berichte, die von Vorschriften oder Normen des Unternehmens gefordert werden."""
"19a718e8-1698-4fef-ae41-a45c4fef3aa2","en_Desc","An account prepared for interested parties in order to communicate the status, results, and outcomes of the disposal activities. May include an inventory of system elements for reuse/storage and any documentation or reporting required by regulation or organization standards"
"1ba2761b-68dd-4374-9f55-ebe7c6ffeaa7","en_Name","Decision report"
"1ba2761b-68dd-4374-9f55-ebe7c6ffeaa7","de_Name","Entscheidungsbericht"
"1ba2761b-68dd-4374-9f55-ebe7c6ffeaa7","de_Desc","Laut INCOSE Handbuch 4.0 - übersetzt von GfSE:
""Der Entscheidungsbericht ist ein für Beteiligte erstellter Bericht, um den Stand, die Resultate und Ergebnisse der Aktivitäten des Entscheidungsmanagements zu kommunizieren.

Er sollte eine Empfehlung für die weitere Vorgehensweise sowie einen damit verbundenen Umsetzungsplan und die gewonnenen, zentralen Erkenntnisse beinhalten. Diese sollten durch wirksame Visualisierungen des Handlungsraumes gewonnen und durch nicht-widerlegbare, wiederholbare und rückverfolgbare Analyseergebnisse gestützt werden.

Entscheidungsträger möchten die grundlegenden Ursachen von übergeordneten Überlegungen verstehen und sich ihr eigenes Verständnis zu Vergleichsstudien bilden. Daher ist es von Vorteil wenn der Bericht so aufgebaut ist, dass er einfach verständlich von den übergeordneten Visualisierungen des Handlungsspielraumes bis in die detaillierten Analysen, die die Synthese stützen, führt""."
"1ba2761b-68dd-4374-9f55-ebe7c6ffeaa7","en_Desc","An account prepared for interested parties in order to communicate the status, results, and outcomes of the decision management activities. Should include a recommended course of action, an associated implementation plan, and key findings through effective trade space visualizations underpinned by defendable rationale grounded in analysis results that are repeatable and traceable. As decision makers seek to understand root causes of top‐level observations and build their own understanding of the trade‐offs, the ability to rapidly drill down from top‐level trade space visualizations into lower‐level analyses supporting the synthesized view is often beneficial"
"1bb0180e-ad5a-46f1-856d-5278e5dac898","en_Name","System functional interface identification"
"1bb0180e-ad5a-46f1-856d-5278e5dac898","de_Name","Identifikation der funktionalen Systemschnittstellen"
"1bb0180e-ad5a-46f1-856d-5278e5dac898","de_Desc","Laut INCOSE Handbuch 4.0 - übersetzt von GfSE:
""Die Identifikation der funktionalen Systemschnittstellen umfasst das Ermitteln und Dokumentieren der funktionalen externen Schnittstellen des Systems sowie der dazugehörigen Anforderungen an den Informationsaustausch""."
"1bb0180e-ad5a-46f1-856d-5278e5dac898","en_Desc","Identification and documentation of the functional interfaces with systems external to the boundaries and the corresponding information exchange requirements"
"1c910a7a-d6fb-41bf-a55c-a3ae98ba3a1c","en_Name","Information repository"
"1c910a7a-d6fb-41bf-a55c-a3ae98ba3a1c","de_Name","Informationsablage"
"1c910a7a-d6fb-41bf-a55c-a3ae98ba3a1c","de_Desc","Laut INCOSE Handbuch 4.0 - übersetzt von GfSE:
""Die Informationsablage ist eine zentrale Ablage, die die rechtzeitige, vollständige, valide und - falls erforderlich - zugriffsbeschränkte Verwendung und Verteilung aller projektrelevanten Informationen unterstützt""."
"1c910a7a-d6fb-41bf-a55c-a3ae98ba3a1c","en_Desc","A repository that supports the availability for use and communication of all relevant project information artifacts in a timely, complete, valid, and, if required, restricted manner"
"1cd9a51f-2e0f-4ca4-9b46-41b4069810eb","en_Name","Integration procedure"
"1cd9a51f-2e0f-4ca4-9b46-41b4069810eb","de_Name","Integrationsverfahren"
"1cd9a51f-2e0f-4ca4-9b46-41b4069810eb","de_Desc","Laut INCOSE Handbuch 4.0 - übersetzt von GfSE:
""Ein Integrationsverfahren umfasst eine Reihe von grundlegenden Aktivitäten zum Zusammenbau von Systemelementen zu grüßeren Einheiten eines Systems, unter Verwendung spezieller Techniken und Hilfsmitteln dafür""."
"1cd9a51f-2e0f-4ca4-9b46-41b4069810eb","en_Desc","An assembly procedure that groups a set of elementary assembly actions to build an aggregate of implemented system elements, using specific integration techniques, performed with specific integration enablers"
"1d2251e0-5b01-4f1d-8977-aa94784fc444","en_Name","Organizational policies, procedures, and assets"
"1d2251e0-5b01-4f1d-8977-aa94784fc444","de_Name","Richtlinien, Verfahren und Mittel der Organisation"
"1d2251e0-5b01-4f1d-8977-aa94784fc444","de_Desc","Laut INCOSE Handbuch 4.0 - übersetzt von GfSE:
Richtlinien, Verfahren und Mittel der Organisation umfassen alle Dinge, die im Unternehmen standardmäßig mit den Lebenszyklusprozessen zusammenhängen, einschließlich der Vorgaben und Berichtsmechanismen. Dazu zählen Richtlinien zu den Prozessen der Organisation in Form von Vorschriften, Verfahren und Mitteln für die Anwendung der System-Lebenszyklusprozesse und deren Anpassung, um den Bedarfen von einzelnen Projekte gerecht zu werden (zum Beispiel Vorlagen, Checklisten, Formulare). Sie umfassen auch die Festlegung von Zuständigkeiten, Verantwortung und Berechtigung für alle SE Prozesse innerhalb der Organisation."
"1d2251e0-5b01-4f1d-8977-aa94784fc444","en_Desc","Items related to the organization’s standard set of life cycle processes, including guidelines and reporting mechanisms. Organization process guidelines in the form of organization policies, procedures, and assets for applying the system life cycle processes and adapting them to meet the needs of individual projects (e.g., templates, checklists, forms). Includes defining responsibilities, accountability, and authority for all SE processes within the organization"
"1f708dce-d754-4189-a82f-2c1b7b3e0616","en_Name","Measurement needs"
"1f708dce-d754-4189-a82f-2c1b7b3e0616","de_Name","Bedarf an Messungen"
"1f708dce-d754-4189-a82f-2c1b7b3e0616","de_Desc","Laut INCOSE Handbuch 4.0 - übersetzt von GfSE:
""Der Bedarf an Messungen umfasst die von allen anwendbaren Lebenszyklusprozessen erforderlichen Bedarfe an Messungen, einschließlich der Bedarfe an Wirksamkeitskennzahlen (MOE), Leistungskennzahlen (MOP), technischen Leistungskennzahlen (TPM), Projektleistungskennzahlen und Leistungskennzahlen der Organisationsprozesse""."
"1f708dce-d754-4189-a82f-2c1b7b3e0616","en_Desc","Measurement needs from all applicable life cycle processes, including MOE needs, MOP needs, TPM needs, project performance measures needs, and organizational process performance measures needs"
"2074c4a7-b0d7-4095-90a0-4a5e342e2068","en_Name","Preliminary TPM needs"
"2074c4a7-b0d7-4095-90a0-4a5e342e2068","de_Name","Bedarf an vorläufiger Messungen der technischen Leistungskennzahlen"
"2074c4a7-b0d7-4095-90a0-4a5e342e2068","de_Desc","Laut INCOSE Handbuch 4.0 - übersetzt von GfSE:
""Der Bedarf an vorlöufiger Messung der technischen Leistungskennzahlen umfasst die vorläufigen technischen Leistungsmessdaten (TPM) (Roedler und Jones, 2006), die die Attribute eines System-Elements messen, um zu bestimmen, wie gut ein System oder Systemelement eine technische Anforderung oder ein Ziel erfüllt oder der entschprechenden Erwartung gerecht wird."""
"2074c4a7-b0d7-4095-90a0-4a5e342e2068","en_Desc","Preliminary identification of the TPM (Roedler and Jones, 2006), which measure attributes of a system element to determine how well a system or system element is satisfying or expected to satisfy a technical requirement or goal"
"20efbdce-14b8-49b0-9629-e78959697e7a","en_Name","Operation record"
"20efbdce-14b8-49b0-9629-e78959697e7a","de_Name","Betriebsprotokoll"
"20efbdce-14b8-49b0-9629-e78959697e7a","de_Desc","Laut INCOSE Handbuch 4.0 - übersetzt von GfSE:
""Ein Betriebsprotokoll enthält die lesbaren Aufzeichnungen der Daten, Informationen oder Wissens bezogen auf den Betrieb."""
"20efbdce-14b8-49b0-9629-e78959697e7a","en_Desc","Permanent, readable form of data, information, or knowledge related to operation"
"22819028-9f55-4c59-af1c-43a9307b2bdb","en_Name","Quality assurance evaluation report"
"22819028-9f55-4c59-af1c-43a9307b2bdb","de_Name","Auswertungsbericht der Qualitätssicherung"
"22819028-9f55-4c59-af1c-43a9307b2bdb","de_Desc","Laut INCOSE Handbuch 4.0 - übersetzt von GfSE:
""Der Auswertungsbericht der Qualitätssicherung ist ein für Beteiligte erstellter Bericht um den Stand, die Resultate und die Ergebnisse der Qualitätssicherungsaktivitäten zu kommunizieren. Er umfasst die Beurteilung der projektbezogenen Prozess- sowie Verbesserungsvorschläge oder notwendigen Korrekturmaßnahmen, sowie Eingaben zur Verbesserungen der Umsetzung von Lebenszyklusmodellen einer Organisation bereit."""
"22819028-9f55-4c59-af1c-43a9307b2bdb","en_Desc","An account prepared for interested parties in order to communicate evidence of whether the project’s quality assurance activities are effective. Includes the assessment of all the project‐related process and any suggested improvements or necessary corrective actions. Provides constructive input for improvements to an organization’s life cycle model implementation"
"236b6c55-2f18-41a3-90b8-47d2081986dd","en_Name","Organization infrastructure"
"236b6c55-2f18-41a3-90b8-47d2081986dd","de_Name","Infrastruktur der Organisation"
"236b6c55-2f18-41a3-90b8-47d2081986dd","de_Desc","Laut INCOSE Handbuch 4.0 - übersetzt von GfSE:
Die Infrastruktur der Organisation umfasst alle Ressourcen und Dienstleistungen, die die Organisation unterstützen. Das sind Einrichtungen auf Organisationsebene, Personal und Ressourcen für die Hardwarefertigung, die Softwareentwicklung, die Systemimplementierung und die Integration, Verifikation, Validierung etc."
"236b6c55-2f18-41a3-90b8-47d2081986dd","en_Desc","Resources and services that support the organization. Organizational‐level facilities, personnel, and resources for hardware fabrication, software development, system implementation and integration, verification, validation, etc."
"24938e6b-1736-4ec2-9581-66a19b89c89a","en_Name","System analysis record"
"24938e6b-1736-4ec2-9581-66a19b89c89a","de_Name","Systemanalyseprotokoll"
"24938e6b-1736-4ec2-9581-66a19b89c89a","de_Desc","Laut INCOSE Handbuch 4.0 - übersetzt von GfSE:
""Ein Systemanalyseprotokoll enthält die lesbaren Aufzeichnungen der Daten, Informationen oder des Wissens bezogen auf die Systemanalyse""."
"24938e6b-1736-4ec2-9581-66a19b89c89a","en_Desc","Permanent, readable form of data, information, or knowledge related to system analysis"
"25206609-1075-4ce5-8d8f-d0463a796959","en_Name","Acquisition report"
"25206609-1075-4ce5-8d8f-d0463a796959","de_Name","Beschaffungsbericht"
"25206609-1075-4ce5-8d8f-d0463a796959","de_Desc","Der Beschaffungsbericht ist ein für Beteiligte erstellter Bericht um den Stand, die Resultate und die Ergebnisse der Beschaffungsaktivitäten zu kommunizieren."
"25206609-1075-4ce5-8d8f-d0463a796959","en_Desc","An account prepared for interested parties in order to communicate the status, results, and outcomes of the acquisition activities"
"2613c1e5-dd0f-43bc-8dfe-b8e595e54ba8","en_Name","Design definition record"
"2613c1e5-dd0f-43bc-8dfe-b8e595e54ba8","de_Name","Entwurfsprotokoll"
"2613c1e5-dd0f-43bc-8dfe-b8e595e54ba8","de_Desc","Laut INCOSE Handbuch 4.0 - übersetzt von GfSE:
""Ein Entwurfsprotokoll enthält die lesbaren Aufzeichnungen der Daten, Informationen oder des Wissens bezogen auf den Entwurf""."
"2613c1e5-dd0f-43bc-8dfe-b8e595e54ba8","en_Desc","Permanent, readable form of data, information, or knowledge related to design definition"
"271f1dbb-7d05-4e65-b423-e6e564e0c9d1","en_Name","Decision record"
"271f1dbb-7d05-4e65-b423-e6e564e0c9d1","de_Name","Entscheidungsprotokoll"
"271f1dbb-7d05-4e65-b423-e6e564e0c9d1","de_Desc","Laut INCOSE Handbuch 4.0 - übersetzt von GfSE:
""Ein Entscheidungsprotokoll enthält die lesbaren Aufzeichnungen der Daten, Informationen oder des Wissens bezogen auf Entscheidungen""."
"271f1dbb-7d05-4e65-b423-e6e564e0c9d1","en_Desc","Permanent, readable form of data, information, or knowledge related to decision management"
"27dbaa9e-0cfc-49ec-bb7a-4c62e858319a","en_Name","Life cycle model management report"
"27dbaa9e-0cfc-49ec-bb7a-4c62e858319a","de_Name","Bericht des Lebenszyklusmodell-Managements"
"27dbaa9e-0cfc-49ec-bb7a-4c62e858319a","de_Desc","Laut INCOSE Handbuch 4.0 - übersetzt von GfSE:
Der Bericht des Lebenszyklusmodell-Managements ist ein für Beteiligte erstellter Bericht um den Stand, die Resultate und Ergebnisse der Aktivitäten des Lebenszyklusmodell-Managements zu kommunizieren."
"27dbaa9e-0cfc-49ec-bb7a-4c62e858319a","en_Desc","An account prepared for interested parties in order to communicate the status, results, and outcomes of the life cycle model management activities"
"29b9ee3f-985f-405e-a64d-a4e7db3b7bc3","en_Name","Verification procedure"
"29b9ee3f-985f-405e-a64d-a4e7db3b7bc3","de_Name","Verifikationsverfahren"
"29b9ee3f-985f-405e-a64d-a4e7db3b7bc3","de_Desc","Laut INCOSE Handbuch 4.0 - übersetzt von GfSE:
""Ein Verifikationsverfahren umfasst eine Reihe von Aktivitäten zur Verifikation eines Systems, die mittels speziellen Techniken und Hilfsmitteln dafür durchgeführt werden""."
"29b9ee3f-985f-405e-a64d-a4e7db3b7bc3","en_Desc","A verification procedure that includes a set of verification actions, using a specific verification method/technique, performed with specific verification enablers"
"2a70644d-1bcc-4efa-9475-388f7c45d741","en_Name","Acquisition record"
"2a70644d-1bcc-4efa-9475-388f7c45d741","de_Name","Beschaffungsprotokoll"
"2a70644d-1bcc-4efa-9475-388f7c45d741","de_Desc","Ein Beschaffungsprotokoll enthält die die lesbaren Aufzeichnungen der Daten, Informationen oder des Wissens bezogen auf die Beschaffung."
"2a70644d-1bcc-4efa-9475-388f7c45d741","en_Desc","Permanent, readable form of data, information, or knowledge related to acquisition"
"2d727ded-5f99-4974-9298-a8e4090d3c77","en_Name","Enabling system requirements"
"2d727ded-5f99-4974-9298-a8e4090d3c77","de_Name","Anforderungen an Unterstützungssysteme"
"2d727ded-5f99-4974-9298-a8e4090d3c77","de_Desc","Die Anforderungen an die Unterstützungssysteme sind die Anforderungen an die Unterstützungssysteme in allen anwendbaren Lebenszyklusprozessen. Sie umfassen die Anforderungen an alle Systeme, die die Implementierung, die Integration, die Verifikation, die Übergabe, die Validierung, den Betriebs, die Wartung und die Entsorgung ermöglichen."
"2d727ded-5f99-4974-9298-a8e4090d3c77","en_Desc","Enabling system requirements from all applicable life cycle processes, including implementation enabling system requirements, integration enabling system requirements, verification enabling system requirements, transition enabling system requirements, validation enabling system requirements, operation enabling system requirements, maintenance enabling system requirements, and disposal enabling system requirements"
"2e33736a-044f-49c2-b14c-fbcf046aefc7","en_Name","Stakeholder needs"
"2e33736a-044f-49c2-b14c-fbcf046aefc7","de_Name","Stakeholder-Bedarfe"
"2e33736a-044f-49c2-b14c-fbcf046aefc7","de_Desc","Laut INCOSE Handbuch 4.0 - übersetzt von GfSE:
""Die Stakeholder-Bedarfe sind Bedarfe, die sich aus der Kommunikation mit externen und internen Stakeholdern ergeben. Sie dienen zum Verständnis der Erwartungen, Bedarfe, Anforderungen, Werte, Probleme, Fragen, sowie wahrgenommenen Risiken und Chancen der Stakeholder""."
"2e33736a-044f-49c2-b14c-fbcf046aefc7","en_Desc","Needs determined from communication with external and internal stakeholders
in understanding their expectations, needs, requirements, values, problems,
issues, and perceived risks and opportunities"
"30cb00ea-6a97-4838-9d40-3a918c2c161e","en_Name","Candidate information items"
"30cb00ea-6a97-4838-9d40-3a918c2c161e","de_Name","mögliche Informationseinheiten"
"30cb00ea-6a97-4838-9d40-3a918c2c161e","de_Desc","Laut INCOSE Handbuch 4.0 - übersetzt von GfSE:
""Mögliche Informationseinheiten sind all die Informationseinheiten, die unter Informationskontrolle gestellt werden sollen. Sie können in jedem Lebenszyklusprozess entstehen""."
"30cb00ea-6a97-4838-9d40-3a918c2c161e","en_Desc","Items for information control. Can originate from any life cycle process"
"30db0cdb-b722-4043-8ad0-49ceb40dc50c","en_Name","Quality assurance record"
"30db0cdb-b722-4043-8ad0-49ceb40dc50c","de_Name","Qualitätssicherungsprotokoll"
"30db0cdb-b722-4043-8ad0-49ceb40dc50c","de_Desc","Laut INCOSE Handbuch 4.0 - übersetzt von GfSE:
""Ein Qualitätssicherungsprotokoll enthält die lesbaren Aufzeichnungen der Daten, Informationen oder des Wissens bezogen auf die zur Qualitätssicherung""."
"30db0cdb-b722-4043-8ad0-49ceb40dc50c","en_Desc","Permanent, readable form of data, information, or knowledge related to quality assurance"
"30fad58c-079d-481b-8c04-34797d1e1432","en_Name","Disposal constraints"
"30fad58c-079d-481b-8c04-34797d1e1432","de_Name","entsorgungsbedingte Einschränkungen"
"30fad58c-079d-481b-8c04-34797d1e1432","de_Desc","Laut INCOSE Handbuch 4.0 - übersetzt von GfSE:
""Die entsorgungsbedingten Einschränkungen umfassen sämtliche Einschränkungen an das System, die sich aus der Entsorgungsstrategie ergeben, einschließlich Kosten, Zeitrahmen und technischen Einschränkungen."""
"30fad58c-079d-481b-8c04-34797d1e1432","en_Desc","Any constraints on the system arising from the disposal strategy including cost, schedule, and technical constraints"
"33b69fd0-f296-45a7-b426-fc373103c301","en_Name","Supply response"
"33b69fd0-f296-45a7-b426-fc373103c301","de_Name","Ausschreibungsantwort"
"33b69fd0-f296-45a7-b426-fc373103c301","de_Desc","Laut INCOSE Handbuch 4.0 - übersetzt von GfSE:
""Eine Ausschreibungsantwort ist die Antwort der Organisation auf eine Zulieferungsanfrage""."
"33b69fd0-f296-45a7-b426-fc373103c301","en_Desc","The organization response to the request for supply"
"3506e1b9-7229-456f-8771-ef3a99b78bd3","en_Name","System requirements definition record"
"3506e1b9-7229-456f-8771-ef3a99b78bd3","de_Name","Protokoll zur Definition der Systemanforderungen"
"3506e1b9-7229-456f-8771-ef3a99b78bd3","de_Desc","Laut INCOSE Handbuch 4.0 - übersetzt von GfSE:
""Ein Protokoll der Definition der Systemanforderungen enthält die lesbaren Aufzeichnungen der Daten, Informationen oder des Wissens bezogen auf die Definition der Systemanforderungen""."
"3506e1b9-7229-456f-8771-ef3a99b78bd3","en_Desc","Permanent, readable form of data, information, or knowledge related to system requirements definition"
"354a60de-670c-48a0-bd49-e683fd58921c","en_Name","Acquired system"
"354a60de-670c-48a0-bd49-e683fd58921c","de_Name","beschafftes System"
"354a60de-670c-48a0-bd49-e683fd58921c","de_Desc","Ein beschafftes System (Produkt oder Dienstleistung) ist eine vom Zulieferer an den Beschaffer gemäß den Lieferbedingungen des Beschaffungsvertrages ausgeliefertes System oder Systemelement."
"354a60de-670c-48a0-bd49-e683fd58921c","en_Desc","The system or system element (product or service) is delivered to the acquirer from a supplier consistent with the delivery conditions of the acquisition agreement"
"369a37e4-1d00-4514-b4ad-e7fa50386aa1","en_Name","Accepted system or system element"
"369a37e4-1d00-4514-b4ad-e7fa50386aa1","de_Name","abgenommenes System oder Systemelement"
"369a37e4-1d00-4514-b4ad-e7fa50386aa1","de_Desc","Laut INCOSE Handbuch 4.0 - übersetzt von GfSE:
""Ein abgenommenes System oder - Systemelement entspricht einem vom Zulieferer an den Beschaffer übergebenen System oder Systemelement, das dann dem Projekt zur Verfügung steht."""
"369a37e4-1d00-4514-b4ad-e7fa50386aa1","en_Desc","System element or system is transferred from supplier to acquirer and the product or service is available to the project"
"36d4a899-bde6-4e37-8fa6-79df485d155c","en_Name","Stakeholder requirements traceability"
"36d4a899-bde6-4e37-8fa6-79df485d155c","de_Name","Rückverfolgbarkeit der Stakeholder-Anforderungen"
"36d4a899-bde6-4e37-8fa6-79df485d155c","de_Desc","Laut INCOSE Handbuch 4.0 - übersetzt von GfSE:
""Die Rückverfolgbarkeit der Stakeholde-Anforderungen bedeutet immer bidirektionale Nachverfolgbarkeit der Stakeholder-Anforderungen""."
"36d4a899-bde6-4e37-8fa6-79df485d155c","en_Desc","Bidirectional traceability of the stakeholder requirements"
"3732c347-4472-4907-95f8-036c7e5354a1","en_Name","Stakeholder needs and requirements definition record"
"3732c347-4472-4907-95f8-036c7e5354a1","de_Name","Protokoll zur Definition der Stakeholder-Bedarfe und -Anforderungen"
"3732c347-4472-4907-95f8-036c7e5354a1","de_Desc","Laut INCOSE Handbuch 4.0 - übersetzt von GfSE:
""Ein Protokoll der Definition der Stakeholder-Bedarfe und -Anforderungen enthält die lesbaren Aufzeichnungen der Daten, Informationen oder des Wissens bezogen auf die Definition von Stakeholder-Bedarfen und -Anforderungen""."
"3732c347-4472-4907-95f8-036c7e5354a1","en_Desc","Permanent, readable form of data, information, or knowledge related to stakeholder needs and requirements definition"
"3793befa-68b0-41d4-be75-b1ccb189f430","en_Name","Validation report"
"3793befa-68b0-41d4-be75-b1ccb189f430","de_Name","Validierungsbericht"
"3793befa-68b0-41d4-be75-b1ccb189f430","de_Desc","Laut INCOSE Handbuch 4.0 - übersetzt von GfSE:
""Der Validierungsbericht ist ein für Beteiligte erstellter Bericht, um den Stand, die Resultate und Ergebnisse der Validierungsaktivitäten zu kommunizieren. Er enthält Ergebnisse der Validierung und den objektiven Nachweis der bestätigt, dass das System die Anforderungen von Stakeholdern und die geschäftlichen Anforderungen erfüllt oder nicht erfüllt. Der Validierungsbericht sollte auch eine Bewertung der Verlässlichkeit dieser Ergebnisse bzw. Ergenntnisse umfassen""."
"3793befa-68b0-41d4-be75-b1ccb189f430","en_Desc","An account prepared for interested parties in order to communicate the status, results, and outcomes of the validation activities. Includes validation results and the objective evidence confirming that the system satisfies its stakeholder requirements and business requirements or not. Should also communicate an assessment of the confidence level of the findings or results"
"38286a5b-3029-498a-a90a-646f16bc12cd","en_Name","Integration strategy"
"38286a5b-3029-498a-a90a-646f16bc12cd","de_Name","Integrationsstrategie"
"38286a5b-3029-498a-a90a-646f16bc12cd","de_Desc","Laut INCOSE Handbuch 4.0 - übersetzt von GfSE:
""Die Integrationsstrategie umfasst die Vorgehensweisen, Zeitpläne, Ressourcen und konkrete Überlegungen, um die Systemelemente zu integrieren""."
"38286a5b-3029-498a-a90a-646f16bc12cd","en_Desc","Approaches, schedules, resources, and specific considerations required to integrate the system elements"
"382d586f-0efe-4502-92e4-3cd7fe1a5de4","en_Name","Information management record"
"382d586f-0efe-4502-92e4-3cd7fe1a5de4","de_Name","Informationsmanagementprotokoll"
"382d586f-0efe-4502-92e4-3cd7fe1a5de4","de_Desc","Laut INCOSE Handbuch 4.0 - übersetzt von GfSE:
""Ein Informationsmanagement-Protokoll enthält die lesbaren Aufzeichnungen der Daten, Informationen oder des Wissens bezogen auf das Informationsmanagement""."
"382d586f-0efe-4502-92e4-3cd7fe1a5de4","en_Desc","Permanent, readable form of data, information, or knowledge related to information management"
"3b0ecdf4-9356-439d-97d2-49d0ba3c3351","en_Name","Validated requirements"
"3b0ecdf4-9356-439d-97d2-49d0ba3c3351","de_Name","validierte Anforderungen"
"3b0ecdf4-9356-439d-97d2-49d0ba3c3351","de_Desc","Laut INCOSE Handbuch 4.0 - übersetzt von GfSE:
""Die validierten Anforderungen sind die Beschäftigung, dass die gestellten Anforderungen die Geschäfts- und Stakeholder-Anforerungen erfüllen""."
"3b0ecdf4-9356-439d-97d2-49d0ba3c3351","en_Desc","Confirmation that the various requirements will satisfy the business and stakeholder requirements"
"3c6f619c-1b41-4465-9b4a-9c4296d88eb6","en_Name","Implementation report"
"3c6f619c-1b41-4465-9b4a-9c4296d88eb6","de_Name","Umsetzungsbericht"
"3c6f619c-1b41-4465-9b4a-9c4296d88eb6","de_Desc","Laut INCOSE Handbuch 4.0 - übersetzt von GfSE:
""Der Umsetzungsbericht ist ein für Beteiligte erstellter Bericht, um den Stand, die Resultate und Ergebnisse der Implementierungsaktivitäten zu kommunizieren""."
"3c6f619c-1b41-4465-9b4a-9c4296d88eb6","en_Desc","An account prepared for interested parties in order to communicate the status, results, and outcomes of the implementation activities"
"3d57ada4-027b-4e74-9786-e6abeb6a2dfd","en_Name","Information management strategy"
"3d57ada4-027b-4e74-9786-e6abeb6a2dfd","de_Name","Informationsmanagementstrategie"
"3d57ada4-027b-4e74-9786-e6abeb6a2dfd","de_Desc","Laut INCOSE Handbuch 4.0 - übersetzt von GfSE:
""Die Informationsmanagementstrategie umfasst die Vorgehensweisen, Zeitpläne, Ressourcen und konkreten Überlegungen, um das Informationsmanagement im Rahmen eines Projekts durchzuführen""."
"3d57ada4-027b-4e74-9786-e6abeb6a2dfd","en_Desc","Approaches, schedules, resources, and specific considerations required to perform information management for a project"
"3ddd01c4-4887-436d-be53-6f3123449aae","en_Name","Disposal enabling system requirements"
"3ddd01c4-4887-436d-be53-6f3123449aae","de_Name","Anforderungen an die entsorgungsunterstützenden Systeme"
"3ddd01c4-4887-436d-be53-6f3123449aae","de_Desc","Laut INCOSE Handbuch 4.0 - übersetzt von GfSE:
""Die Anforderungen an die entsorgungsunterstützenden Systeme umfassen die Anforderungen an alle Systeme, die die Entsorgung des Zielsystems ermöglichen""."
"3ddd01c4-4887-436d-be53-6f3123449aae","en_Desc","Requirements for any systems needed to enable disposal of the system of interest"
"3efef099-f141-4465-aefb-9faa47f4b70e","en_Name","Organizational infrastructure needs"
"3efef099-f141-4465-aefb-9faa47f4b70e","de_Name","Infrastrukturbedarfe der Organisation"
"3efef099-f141-4465-aefb-9faa47f4b70e","de_Desc","Laut INCOSE Handbuch 4.0 - übersetzt von GfSE:
Die Infrastrukturbedarfe der Organisation umfassen die spezifischen Bedarfe an Produkten oder Dienstleistungen der Infrastruktur einer Organisation, einschließlich der Verpflichtungen gegenüber externen Stakeholder."
"3efef099-f141-4465-aefb-9faa47f4b70e","en_Desc","Specific requests for infrastructure products or services from the organization, including commitments to external stakeholders"
"4019f275-52cf-4237-bbde-0a90e4da1b8e","en_Name","Organizational process performance measures needs"
"4019f275-52cf-4237-bbde-0a90e4da1b8e","de_Name","Bedarf an Leistungskennzahlen der Organisationsprozesse"
"4019f275-52cf-4237-bbde-0a90e4da1b8e","de_Desc","Laut INCOSE Handbuch 4.0 - übersetzt von GfSE:
Der Bedarf an Leistungskennzahlen der Organisationsprozesse umfasst die Leistungsmessdaten der Organisationsprozesse, die messen, wie gut die Organisation ihre Ziele erfüllt."
"4019f275-52cf-4237-bbde-0a90e4da1b8e","en_Desc","Identification of the organizational process performance measures, which measure how well the organization is satisfying it objectives"
"41f874c8-4e4b-4c71-880c-ccf8713a52fd","en_Name","Request for supply"
"41f874c8-4e4b-4c71-880c-ccf8713a52fd","de_Name","Beschaffungsanfrage"
"41f874c8-4e4b-4c71-880c-ccf8713a52fd","de_Desc","Laut INCOSE Handbuch 4.0 - übersetzt von GfSE:
Eine Beschaffungsanfrage ist eine Anfrage an einen externen Zulieferer, einen Lösungsvorschlag für den Bedarf zu einem System-Element oder System (Produkt oder Dienstleistung) vorzuschlagen. Die Projektorganisation kann mögliche Lieferanten, die diesen Bedarf befriedigen könnten, vorgeschlagen. Die Inhalte der Beschaffungsanfrage stammen von den Projektmitarbeitern der Organisation die den Bedarf hat."
"41f874c8-4e4b-4c71-880c-ccf8713a52fd","en_Desc","A request to an external supplying organization to propose a solution to meet a need for a system element or system (product or service). The organization can identify candidate suppliers that could meet this need. Inputs are received from the project personnel in the organization with the need"
"45172d32-3338-4a09-b459-79cea3958061","en_Name","Organizational process performance measures data"
"45172d32-3338-4a09-b459-79cea3958061","de_Name","Leistungsmessdaten der Organisationsprozesse"
"45172d32-3338-4a09-b459-79cea3958061","de_Desc","Laut INCOSE Handbuch 4.0 - übersetzt von GfSE:
Die Liestungsmessdaten der Organisationsprozesse sind die für die identifizierten Messbedarfe an Organisationsprozessen bereitgestelten Daten."
"45172d32-3338-4a09-b459-79cea3958061","en_Desc","Data provided for the identified measurement needs"
"473f3955-3f2d-4090-bab2-88d18bb00770","en_Name","Transition enabling system requirements"
"473f3955-3f2d-4090-bab2-88d18bb00770","de_Name","Anforderungen an die umsetzungsunterstützenden Systeme"
"473f3955-3f2d-4090-bab2-88d18bb00770","de_Desc","Laut INCOSE Handbuch 4.0 - übersetzt von GfSE:
""Die Anforderungen an die übergabeunterstützenden Systeme sind die Anforderungen an alle Systeme, die die Übergabe des Zielsystems ermöglichen."""
"473f3955-3f2d-4090-bab2-88d18bb00770","en_Desc","Requirements for any systems needed to enable transition of the system of interest"
"4860503a-4479-4933-b14b-748234c84fcb","en_Name","Installed system"
"4860503a-4479-4933-b14b-748234c84fcb","de_Name","installiertes System"
"4860503a-4479-4933-b14b-748234c84fcb","de_Desc","Laut INCOSE Handbuch 4.0 - übersetzt von GfSE:
""Ein installiertes System ist ein für die Validierung bereitstehendes, installiertes System""."
"4860503a-4479-4933-b14b-748234c84fcb","en_Desc","Installed system ready for validation"
"48c659a3-03a7-4bd3-9f1e-b5926eb3ce40","en_Name","Organization tailoring strategy"
"48c659a3-03a7-4bd3-9f1e-b5926eb3ce40","de_Name","Anpassungsstrategie der Organisation"
"48c659a3-03a7-4bd3-9f1e-b5926eb3ce40","de_Desc","Laut INCOSE Handbuch 4.0 - übersetzt von GfSE:
Die Anpassungsstrategie der Organisation umfasst die Vorgehensweisen, Zeitpläne, Ressourcen und konkrete Überlegungen, um neue oder aktualiserte externe Standards in den Katalog von Standard-Lebenszyklusmodell-Prozessen aufzunehmen."
"48c659a3-03a7-4bd3-9f1e-b5926eb3ce40","en_Desc","Approaches, schedules, resources, and specific considerations required to incorporate new or updated external standards into the organization’s set of standard life cycle processes"
"4e22fa01-df40-402d-9912-54dcc876b58c","en_Name","System analysis strategy"
"4e22fa01-df40-402d-9912-54dcc876b58c","de_Name","Systemanalysestrategie"
"4e22fa01-df40-402d-9912-54dcc876b58c","de_Desc","Laut INCOSE Handbuch 4.0 - übersetzt von GfSE:
""Die Systemanalysestrategie umfasst die Vorgehensweisen, Zeitpläne, Ressourcen und konkrete Überlegungen, um die vielfältigen anstehenden Analysen durchzuführen. Schließt Betrachtungen zu Methoden, Verfahren, Bewertungskriterien und Parameter mit ein""."
"4e22fa01-df40-402d-9912-54dcc876b58c","en_Desc","Approaches, schedules, resources, and specific considerations required to accomplish the various analyses to be carried out, including methods, procedures, evaluation criteria, or parameters"
"4fdb2e50-512e-416b-b2a0-adb06284014a","en_Name","Transition constraints"
"4fdb2e50-512e-416b-b2a0-adb06284014a","de_Name","übergabebedingte Einschränkungen"
"4fdb2e50-512e-416b-b2a0-adb06284014a","de_Desc","Laut INCOSE Handbuch 4.0 - übersetzt von GfSE:
""Die übergabebedingten Einschränkungen umfassen sämtliche Einschränkungen an das System, die sich aus der Übergabestrategie sowie Kosten, Zeitrahmen und technischen Einschränkungen ergeben""."
"4fdb2e50-512e-416b-b2a0-adb06284014a","en_Desc","Any constraints on the system arising from the transition strategy including cost, schedule, and technical constraints"
"5217608c-403c-4774-a042-ea9e9cd46d53","en_Name","System requirements traceability"
"5217608c-403c-4774-a042-ea9e9cd46d53","de_Name","Rückverfolgbarkeit der Systemanforderungen"
"5217608c-403c-4774-a042-ea9e9cd46d53","de_Desc","Laut INCOSE Handbuch 4.0 - übersetzt von GfSE:
""Die Rückverfolgbarkeit der Systemanforderungen bedeutet immer bidirektionale Nachverfolgbarkeit der Systemanforderungen""."
"5217608c-403c-4774-a042-ea9e9cd46d53","en_Desc","Bidirectional traceability of the system requirements"
"526beb01-9add-4052-ab14-46b86ff72e87","en_Name","Maintenance enabling system requirements"
"526beb01-9add-4052-ab14-46b86ff72e87","de_Name","Anforderungen an die wartungsunterstützenden Systeme"
"526beb01-9add-4052-ab14-46b86ff72e87","de_Desc","Laut INCOSE Handbuch 4.0 - übersetzt von GfSE:
""Die Anforderungen an die wartungsunterstützenden Systeme umfassen die Anforderungen an alle Systeme, die die Wartung des Zielsystems ermöglichen."""
"526beb01-9add-4052-ab14-46b86ff72e87","en_Desc","Requirements for any systems needed to enable operation of the system of interest"
"54ecd60c-1e2b-4da5-8805-0317adac7580","en_Name","Decision situation"
"54ecd60c-1e2b-4da5-8805-0317adac7580","de_Name","Entscheidungssituation"
"54ecd60c-1e2b-4da5-8805-0317adac7580","de_Desc","Laut INCOSE Handbuch 4.0 - übersetzt von GfSE:
""Entscheidungssituationen umfassen Entscheidungen in Bezug auf die Entscheidungspunkte in einem vereinbarten Zeitplan. Andere Wünsche in Bezug auf eine Entscheidung können von beliebigen Stakeholdern kommen und erste Informationen oftmals nun wenig mehr, als grobe Aussagen zur Situation. Entscheidungssituationen können in jedem Lebenszyklusprozess auftreten""."
"54ecd60c-1e2b-4da5-8805-0317adac7580","en_Desc","Decisions related to decision gates are taken on a prearranged schedule; other requests for a decision may arise from any stakeholder, and initial information can be little more than broad statements of the situation. Can originate from any life cycle process"
"55048d29-e11e-494c-91f3-d67b148ee310","en_Name","Design definition strategy"
"55048d29-e11e-494c-91f3-d67b148ee310","de_Name","Entwurfsstrategie"
"55048d29-e11e-494c-91f3-d67b148ee310","de_Desc","Laut INCOSE Handbuch 4.0 - übersetzt von GfSE:
""Die Entwurfsstrategie umfasst die Vorgehensweisen, Zeitpläne, Ressourcen und konkreten Überlegungen, um das System zu entwerfen, das stimmig mit der ausgewählten Systemarchitektur ist und die Anforderungen erfüllt""."
"55048d29-e11e-494c-91f3-d67b148ee310","en_Desc","Approaches, schedules, resources, and specific considerations required to define the system design that is consistent with the selected system architecture and satisfies the requirements"
"556efe37-961e-4bb2-aacc-5e3cffc946dd","en_Name","QM corrective actions"
"556efe37-961e-4bb2-aacc-5e3cffc946dd","de_Name","QM Korrekturmaßnahmen"
"556efe37-961e-4bb2-aacc-5e3cffc946dd","de_Desc","Laut INCOSE Handbuch 4.0 - übersetzt von GfSE:
""Korrekturmaßnahmen des QM (Qualitätsmanagements) sind Maßnahmen die durchgeführt werden, wenn Qualitätsziele nicht erreicht werden. Sie resultieren aus projektbegleitenden und prozessbezogene Bewertungen und Prüfungen""."
"556efe37-961e-4bb2-aacc-5e3cffc946dd","en_Desc","Actions taken when quality goals are not achieved. Resulting from project‐related and process‐related reviews and audits"
"5576e826-2a20-4b45-9e53-90a3b69d4424","en_Name","Knowledge management plan"
"5576e826-2a20-4b45-9e53-90a3b69d4424","de_Name","Wissensmanagementplan"
"5576e826-2a20-4b45-9e53-90a3b69d4424","de_Desc","Laut INCOSE Handbuch 4.0 - übersetzt von GfSE:
Der Wissensmanagementplan legt fest, wie die Organisation und die Projekte innerhalb der Organisation das richtige Maß an Wissen erfassen, damit sichergestellt ist, dass alle nützlichen Wissensressourcen zur Verfügung stehen.
Er enthält:
- eine Liste der zu berücksichtigenden Domänen,
- Pläne für den Erhalt und die Pflege der Wissensressourcen im Rahmen ihrer Nutzungsdauer,
- die Beschreibung der Arten von Wissensressourcen, die gesammelt und gepflegt werden sollen, zusammen mit einem für den Nutzer zweckdienlichen Klassifikationsschema,
- Kriterien für die Annahme, die Qualifizierung und das Zurückziehen von Wissensressourcen,
- Verfahren zur Steuerung von Änderungen an den Wissensressourcen und,
- die Definition von Mechanismen zur Speicherung und zum Abrufen der Wissensressourcen."
"5576e826-2a20-4b45-9e53-90a3b69d4424","en_Desc","Establishes how the organization and projects within the organization will interact to ensure the right level of knowledge is captured to provide useful knowledge assets. Includes a list of applicable domains; plans for obtaining and maintaining knowledge assets for their useful life; characterization of the types of assets to be collected and maintained along with a scheme to classify them for the convenience of users; criteria for accepting, qualifying, and retiring knowledge assets; procedures for controlling changes to the knowledge assets; and definition of a mechanism for knowledge asset storage and retrieval"
"5594d13a-9743-4ba3-b07f-8771fcf425a8","en_Name","Acquisition strategy"
"5594d13a-9743-4ba3-b07f-8771fcf425a8","de_Name","Beschaffungsstrategie"
"5594d13a-9743-4ba3-b07f-8771fcf425a8","de_Desc","Die Beschaffungsstrategie umfasst die Vorgehensweisen, Zeitpläne, Ressourcen und konkrete Überlegungen, um Systemelemente zu beschaffen. Sie kann auch Eingaben beinhalten, um beschaffungsbedingte Einschränkungen des Systems festzulegen."
"5594d13a-9743-4ba3-b07f-8771fcf425a8","en_Desc","Approaches, schedules, resources, and specific considerations required to acquire system elements. May also include inputs to determine acquisition constraints"
"59fc8b2f-647a-4c00-9859-f1e25773e843","en_Name","Architecture definition record"
"59fc8b2f-647a-4c00-9859-f1e25773e843","de_Name","Architekturgestaltungsprotokoll"
"59fc8b2f-647a-4c00-9859-f1e25773e843","de_Desc","Laut INCOSE Handbuch 4.0 - übersetzt von GfSE:
""Ein Architekturgestaltungsprotokoll enthält die lesbaren Aufzeichnungen der Daten, Informationen oder des Wissens bezogen auf die Architekturgestaltung."""
"59fc8b2f-647a-4c00-9859-f1e25773e843","en_Desc","Permanent, readable form of data, information, or knowledge related to architecture definition"
"5a713e08-04ff-482e-9a5a-4f8a17890f71","en_Name","Verified system"
"5a713e08-04ff-482e-9a5a-4f8a17890f71","de_Name","verifiziertes System"
"5a713e08-04ff-482e-9a5a-4f8a17890f71","de_Desc","Laut INCOSE Handbuch 4.0 - übersetzt von GfSE:
""Ein verifiziertes System (oder Systemelement) ist ein System oder ein Bestandteil davon, der zur Übergabe bereit ist""."
"5a713e08-04ff-482e-9a5a-4f8a17890f71","en_Desc","Verified system (or system element) ready for transition"
"5addb173-3634-4f90-bf59-e2e904f7a5ee","en_Name","Project planning record"
"5addb173-3634-4f90-bf59-e2e904f7a5ee","de_Name","Projektplanungsprotokoll"
"5addb173-3634-4f90-bf59-e2e904f7a5ee","de_Desc","Laut INCOSE Handbuch 4.0 - übersetzt von GfSE:
""Ein Projektplanungsprotokoll enthält die lesbaren Aufzeichnungen der Daten, Informationen oder des Wissens bezogen auf die Projektplanung""."
"5addb173-3634-4f90-bf59-e2e904f7a5ee","en_Desc","Permanent, readable form of data, information, or knowledge related to project planning"
"5d9b53ba-66e5-4951-afbe-b67f1386d462","en_Name","Procedures"
"5d9b53ba-66e5-4951-afbe-b67f1386d462","de_Name","Verfahren"
"5d9b53ba-66e5-4951-afbe-b67f1386d462","de_Desc","Laut INCOSE Handbuch 4.0 - übersetzt von GfSE:
""Verfahren sind besondere Vorgehensweisen in allen anwendbaren Lebenszyklusprozesse. Sie umfassen Verfahren zur Integration, zur Verifikation, zur Installation, zur Validierung, zur Wartung und zur Entsorgung""."
"5d9b53ba-66e5-4951-afbe-b67f1386d462","en_Desc","Procedures from all applicable life cycle processes, including integration procedure, verification procedure, installation procedure, validation procedure, maintenance procedure, and disposal procedure"
"62780061-c5e6-47d1-9617-036308d3a40b","en_Name","Verification record"
"62780061-c5e6-47d1-9617-036308d3a40b","de_Name","Verifikationsprotokoll"
"62780061-c5e6-47d1-9617-036308d3a40b","de_Desc","Laut INCOSE Handbuch 4.0 - übersetzt von GfSE:
""Ein Verifikationsprotokoll enthält die lesbaren Aufzeichnungen der Daten, Informationen oder des Wissens bezogen auf die Verifikation""."
"62780061-c5e6-47d1-9617-036308d3a40b","en_Desc","Permanent, readable form of data, information, or knowledge related to verification"
"636e2201-493e-4e4a-a39d-8f0fda24748d","en_Name","Acquisition agreement"
"636e2201-493e-4e4a-a39d-8f0fda24748d","de_Name","Beschaffungsvertrag"
"636e2201-493e-4e4a-a39d-8f0fda24748d","de_Desc","Ein Beschaffungsvertrag ist eine Übereinkunft bezüglich des Verhältnisses und der Verpflichtungen zwischen der Projektorganisation und dem Zulieferer. Die Übereinkunft kann von formalen Verträgen bis hin zu weniger formalen unternehmensinternen Arbeitsanweisungen reichen.

Verträge beinhalten typischerweise allgemeine Geschäfts- bzw. Auftragsbedingungen."
"636e2201-493e-4e4a-a39d-8f0fda24748d","en_Desc","An understanding of the relationship and commitments between the project organization and the supplier. The agreement can vary from formal contracts to less formal interorganizational work orders. Formal agreements typically include terms and conditions"
"65414be5-43e5-47c0-97eb-901cbc4d3fca","en_Name","Architecture definition strategy"
"65414be5-43e5-47c0-97eb-901cbc4d3fca","de_Name","Architekturgestaltungsstrategie"
"65414be5-43e5-47c0-97eb-901cbc4d3fca","de_Desc","Laut INCOSE Handbuch 4.0 - übersetzt von GfSE:
""Die Architekturgestaltungsstrategue umfasst die Vorgehensweisen, Zeitpläne, Ressourcen und konkreten Überlegungen, um die Systemarchitektur festzulegen, die die Anforderungen erfüllt."""
"65414be5-43e5-47c0-97eb-901cbc4d3fca","en_Desc","Approaches, schedules, resources, and specific considerations required to define the selected system architecture that satisfies the requirements"
"66ee15e1-3600-48d4-bc12-2be4b9977fec","en_Name","Life cycle model management plan"
"66ee15e1-3600-48d4-bc12-2be4b9977fec","de_Name","Plan des Lebenszyklusmodell-Managements"
"66ee15e1-3600-48d4-bc12-2be4b9977fec","de_Desc","Laut INCOSE Handbuch 4.0 - übersetzt von GfSE:
Der Plan des Lebenszyklusmodell-Managements umfasst die Vorgehensweisen, Zeitpläne, Ressourcen und konkrete Überlegungen, um eine Reihe von organisationsbezogenen Lebenszyklusmodellen zu definieren.
Der Plan umfasst die Identifikation von neuen Bedarfen und die Beurteilung der Wettbewerbfähigkeit aus Sicht de Strategie der Organisation, sowie Kriterien zu deren Bewertung und Freigabe bzw. Ablehnung."
"66ee15e1-3600-48d4-bc12-2be4b9977fec","en_Desc","Approaches, schedules, resources, and specific considerations required to define a set of organizational life cycle models. Includes identification of new needs and the evaluation of competitiveness from the perspective of the organization strategy. Includes criteria for assessments and approvals/disapprovals"
"678b853d-fe24-452c-9713-6a662900b891","en_Name","System element documentation"
"678b853d-fe24-452c-9713-6a662900b891","de_Name","Dokumentation der Systemelemente"
"678b853d-fe24-452c-9713-6a662900b891","de_Desc","Laut INCOSE Handbuch 4.0 - übersetzt von GfSE:
""Die Dokumentation eines Systemelements umfasst detaillierte Zeichnungen, Codes oder Materialangaben. Sie ergänzt die Entwurfsdokumentation und enthält Korrekturmaßnahmen oder Anpassungen, aufgrund von Beschaffungen oder dem Abgleich mit Vorschriften."""
"678b853d-fe24-452c-9713-6a662900b891","en_Desc","Detailed drawings, codes, and material specifications. Updated design documentation, as required by corrective action or adaptations caused by acquisition or conformance to regulations"
"67b72b13-0ac1-42aa-9bc4-23ff8846867c","en_Name","Validation constraints"
"67b72b13-0ac1-42aa-9bc4-23ff8846867c","de_Name","Einschränkungen aufgrund der Validierung"
"67b72b13-0ac1-42aa-9bc4-23ff8846867c","de_Desc","Laut INCOSE Handbuch 4.0 - übersetzt von GfSE:
""Die Einschränkungen aufgrund der VValidierung umfassen sämtliche Einschränkungen an das System, die sich aus der Validerungsstrategie sowie Kosten, Zeitrahmen und technischen Einschränkungen ergeben."""
"67b72b13-0ac1-42aa-9bc4-23ff8846867c","en_Desc","Any constraint on the system arising from the validation strategy including cost, schedule, and technical constraints"
"69a3f176-8d8e-4582-9e77-4a64812d5ec3","en_Name","Business requirements traceability"
"69a3f176-8d8e-4582-9e77-4a64812d5ec3","de_Name","Rückverfolgbarkeit der Geschäftsanforderungen"
"69a3f176-8d8e-4582-9e77-4a64812d5ec3","de_Desc","Laut INCOSE Handbuch 4.0 - übersetzt von GfSE:
""Die Rückverfolgbarkeit der Geschäftsanforderungen bedeutet immer bidirektionale Nachverfolgbarkeit der Geschäftsanforderungen""."
"69a3f176-8d8e-4582-9e77-4a64812d5ec3","en_Desc","Bidirectional traceability of the business requirements"
"6b8f4302-4d0c-4198-984c-3fceea6b29ca","en_Name","Operation enabling system requirements"
"6b8f4302-4d0c-4198-984c-3fceea6b29ca","de_Name","Anforderungen an die betriebsunterstützenden Systeme"
"6b8f4302-4d0c-4198-984c-3fceea6b29ca","de_Desc","Laut INCOSE Handbuch 4.0 - übersetzt von GfSE:
""Die Anforderungen die betriebsunterstützenden Systeme umfassen die Anforderungen an alle Systeme, die den Betrieb des Zielsystems ermöglichen."""
"6b8f4302-4d0c-4198-984c-3fceea6b29ca","en_Desc","Requirements for any systems needed to enable operation of the system of interest"
"6c54ba35-1dad-4cc3-ae60-d04b5c2ef19d","en_Name","Validation strategy"
"6c54ba35-1dad-4cc3-ae60-d04b5c2ef19d","de_Name","Validierungsstrategie"
"6c54ba35-1dad-4cc3-ae60-d04b5c2ef19d","de_Desc","Laut INCOSE Handbuch 4.0 - übersetzt von GfSE:
""Die Validierungsstrategie umfasst die Vorgehensweisen, Zeitpläne, Ressourcen und konkrete Überlegungen, um die ausgewählten Validierungstätigkeiten durchzuführen, durch die Kosten und Risiken gesenkt und gleichzeitig das betriebsbezogene Systemverhalten maximal abgedeckt wird""."
"6c54ba35-1dad-4cc3-ae60-d04b5c2ef19d","en_Desc","Approaches, schedules, resources, and specific considerations required to accomplish the selected validation actions that minimize costs and risks while maximizing operational coverage of system behaviors"
"6c559e26-5e07-427b-84ee-ab438312caf5","en_Name","Transition report"
"6c559e26-5e07-427b-84ee-ab438312caf5","de_Name","Übergabebericht"
"6c559e26-5e07-427b-84ee-ab438312caf5","de_Desc","Laut INCOSE Handbuch 4.0 - übersetzt von GfSE:
""Der Übergabebericht ist ein für Beteiligte erstellter Bericht, um den Stand, die Resultate und Ergebnisse der Übergabeaktivitäten zu kommunizieren.

Er enthält die dokumentation der übergebenen Ergebnisse und eine Aufzeichgnung aller empfohlenen Korrekturmaßnahmen, wie Einschränkungen, Zugeständnisse und offene Fragestellungen. Auch Pläne, die bei Übergaben aufgetreten Probleme zu beheben, gehören dazu""."
"6c559e26-5e07-427b-84ee-ab438312caf5","en_Desc","An account prepared for interested parties in order to communicate the status, results, and outcomes of the transition activities. Includes documentation of the transition results and a record of any recommended corrective actions, such as limitations, concessions, and ongoing issues. Should also include plans to rectify any problems that arise during transition"
"6c9e0231-450d-4afd-8eb1-bc266f39177f","en_Name","Supply report"
"6c9e0231-450d-4afd-8eb1-bc266f39177f","de_Name","Zulieferungsbericht"
"6c9e0231-450d-4afd-8eb1-bc266f39177f","de_Desc","Laut INCOSE Handbuch 4.0 - übersetzt von GfSE:
Der Zulieferungsbericht ist in für Beteiligte erstellter Bericht, um den Stand, die Resultate und Ergebnisse der Zulieferungsaktivitäten zu kommunizieren."
"6c9e0231-450d-4afd-8eb1-bc266f39177f","en_Desc","An account prepared for interested parties in order to communicate the status, results, and outcomes of the supply activities"
"6d9f7dee-dfa8-4b73-99f6-93f5a5ca73c5","en_Name","Stakeholder requirements"
"6d9f7dee-dfa8-4b73-99f6-93f5a5ca73c5","de_Name","Stakeholder-Anforderungen"
"6d9f7dee-dfa8-4b73-99f6-93f5a5ca73c5","de_Desc","Laut INCOSE Handbuch 4.0 - übersetzt von GfSE:
""Die Stakeholder-Anforderungen sind die Anforderungen verschiedener Stakeholder, die für das Projekt gelten werden. Sie umfassen die erforderlichen Fähigkeiten, Funktionen oder Dienstleistungen, Qualitätsstandards, Einschränkungen des Systems, Einschränkungen in Bezug auf Kosten und Zeit. Die Stakeholder-Anforderungen werden in der ""Spezifikation der Stakeholder-Anforderungen"" (Stakeholder Requirements Specifications, StRS) erfasst""."
"6d9f7dee-dfa8-4b73-99f6-93f5a5ca73c5","en_Desc","Requirements from various stakeholders that will govern the project, including required system capabilities, functions, and/or services; quality standards; system constraints; and cost and schedule constraints. Stakeholder requirements may be captured in the Stakeholder Requirements Specification (StRS)"
"6f15e8f1-a233-4dd3-927f-f435f72b1ced","en_Name","Project infrastructure needs"
"6f15e8f1-a233-4dd3-927f-f435f72b1ced","de_Name","Infrastrukturbedarfe des Projekts"
"6f15e8f1-a233-4dd3-927f-f435f72b1ced","de_Desc","Laut INCOSE Handbuch 4.0 - übersetzt von GfSE:
""Die Infrastrukturbedarfe des Projekts umfassen den im Projekt bestehenden Bedarf an Infrastruktur, einschließlich der Verpflichtungen gegenüber externen Stakeholdern""."
"6f15e8f1-a233-4dd3-927f-f435f72b1ced","en_Desc","Specific requests for infrastructure products or services needed by the project, including commitments to external stakeholders"
"6f68b4bb-aa7d-43ae-9a7c-fd4610cd7cfd","en_Name","Documentation tree"
"6f68b4bb-aa7d-43ae-9a7c-fd4610cd7cfd","de_Name","Dokumentationsbaum"
"6f68b4bb-aa7d-43ae-9a7c-fd4610cd7cfd","de_Desc","Laut INCOSE Handbuch 4.0 - übersetzt von GfSE:
""Der Dokumentationsbaum definiert die hierarchische Beschreibung einer Reihe von Arbeitsergebnissen der Systemdefinition für das sich in der Entwicklung befindliche System. Er basiert auf der sich herausbildenden Systemarchitektur."""
"6f68b4bb-aa7d-43ae-9a7c-fd4610cd7cfd","en_Desc","Defines the hierarchical representation of the set of system definition products for the system under development. Based on the evolving system architecture"
"6f7853a1-aa22-45bb-a0ca-7d0f4838e6fc","en_Name","Acquisition reply"
"6f7853a1-aa22-45bb-a0ca-7d0f4838e6fc","de_Name","Zulieferungsangebot"
"6f7853a1-aa22-45bb-a0ca-7d0f4838e6fc","de_Desc",""
"6f7853a1-aa22-45bb-a0ca-7d0f4838e6fc","en_Desc","The responses of one or more candidate suppliers in response to a request for supply"
"6fb56e3e-f6da-4bbb-99e1-4faa6a94d14d","en_Name","Interface definition update identification"
"6fb56e3e-f6da-4bbb-99e1-4faa6a94d14d","de_Name","Kennzeichnung aktualisierter Schnittstellendefinitionen"
"6fb56e3e-f6da-4bbb-99e1-4faa6a94d14d","de_Desc","Laut INCOSE Handbuch 4.0 - übersetzt von GfSE:
""Die Kennzeichnung aktualisierter Schnittstelldefinitionen umfasst die Kennzeichnung von Schnittstellen an denen Änderungen der Schnittstellenanforderungen und -definitionen durchgeführt wurden""."
"6fb56e3e-f6da-4bbb-99e1-4faa6a94d14d","en_Desc","Identification of updates to interface requirements and definitions, if any"
"709c58a0-6f19-48aa-9172-f75d64a22067","en_Name","Project budget"
"709c58a0-6f19-48aa-9172-f75d64a22067","de_Name","Projektbudget"
"709c58a0-6f19-48aa-9172-f75d64a22067","de_Desc","Laut INCOSE Handbuch 4.0 - übersetzt von GfSE:
""Das Projektbudget ist die Prognose der Kosten eines bestimmten Projekts. Es enthält die arbeitsleistungen, die Infrastruktur, die Beschaffungen und Kosten für unsterstützende Systeme, einschließlich der Reserven für das Risikomanagement""."
"709c58a0-6f19-48aa-9172-f75d64a22067","en_Desc","A prediction of the costs associated with a particular project. Includes labor, infrastructure, acquisition, and enabling system costs along with reserves for risk management"
"70b1747a-9598-4365-bd1c-75f6d04fe6a5","en_Name","Project assessment and control strategy"
"70b1747a-9598-4365-bd1c-75f6d04fe6a5","de_Name","Strategie zur Projektbewertung und -steuerung"
"70b1747a-9598-4365-bd1c-75f6d04fe6a5","de_Desc","Laut INCOSE Handbuch 4.0 - übersetzt von GfSE:
""Die Strategie zur Projektbewertung und -steuerung umfasst die Vorgehensweisen, Zeitpläne, Ressourcen und konkrete Überlegungen, um die Projektbewertung und -steuerung im Rahmen eines Projekts durchzuführen""."
"70b1747a-9598-4365-bd1c-75f6d04fe6a5","en_Desc","Approaches, schedules, resources, and specific considerations required to perform assessment and control for a project"
"71295167-90da-4086-9b97-0152ebcbc6ca","en_Name","TPM data"
"71295167-90da-4086-9b97-0152ebcbc6ca","de_Name","technische Leistungsmessdaten"
"71295167-90da-4086-9b97-0152ebcbc6ca","de_Desc","Laut INCOSE Handbuch 4.0 - übersetzt von GfSE:
""Die technischen Leistungsmessdaten sind die für die identifizierten Messbedarfe bereitgestellten Daten""."
"71295167-90da-4086-9b97-0152ebcbc6ca","en_Desc","Data provided for the identified measurement needs"
"7148de21-091c-46e4-92a4-020b1e5f9f2f","en_Name","Configuration management strategy"
"7148de21-091c-46e4-92a4-020b1e5f9f2f","de_Name","Konfigurationsmanagementstrategie"
"7148de21-091c-46e4-92a4-020b1e5f9f2f","de_Desc","Laut INCOSE Handbuch 4.0 - übersetzt von GfSE:
""Die Konfigurationsmanagementstrategie umfasst die Vorgehensweisen, Zeitpläne, Ressourcen und konkreten Überlegungen, um Konfigurationsmanagement im Rahmen eines Projekts durchzuführen. Die Konfigurationsmanagementstrategie beschreibt und dokumentiert wie genehmigte Änderungen an gültigen Referenzkonfigurationen einheitlich und kontrolliert durchgeführt werden""."
"7148de21-091c-46e4-92a4-020b1e5f9f2f","en_Desc","Approaches, schedules, resources, and specific considerations required to perform configuration management for a project. Describes and documents how to make authorized changes to established baselines in a uniform and controlled manner"
"75b1e821-48d5-4612-b638-8e3aa02887dd","en_Name","Implementation strategy"
"75b1e821-48d5-4612-b638-8e3aa02887dd","de_Name","Umsetzungsstrategie"
"75b1e821-48d5-4612-b638-8e3aa02887dd","de_Desc","Laut INCOSE Handbuch 4.0 - übersetzt von GfSE:
""Die Umsetzungsstrategie umfasst die Vorgehensweisen, Zeitpläne, Ressourcen und konkreten Überlegungen, um Systemelemente umzusetzen, die mit den Systemanforderungen, der Architektur und dem Entwurf übereinstimmen""."
"75b1e821-48d5-4612-b638-8e3aa02887dd","en_Desc","Approaches, schedules, resources, and specific considerations required to realize system elements to satisfy system requirements, architecture, and design"
"75fc9cd9-d84b-4606-a0e4-24e338efb490","en_Name","Measurement report"
"75fc9cd9-d84b-4606-a0e4-24e338efb490","de_Name","Messungsbericht"
"75fc9cd9-d84b-4606-a0e4-24e338efb490","de_Desc","Laut INCOSE Handbuch 4.0 - übersetzt von GfSE:
""Der Messungsbericht ist ein für Beteiligte erstellter Bericht um den Stand, die Resultate und Ergebnisse der Messungsaktivitäten zu kommunizieren.
Er umfasst die Dokumentation der Aktivitäten rund um die Messergebnisse, die Messdaten, die gesammelt und analysiert und die Ergebnisse, die übermittelt wurden, sowie jegliche Verbesserungen oder Korrekturmaßnahmen, die durch die Messungen oder deren unterstützenden Daten getrieben werden""."
"75fc9cd9-d84b-4606-a0e4-24e338efb490","en_Desc","An account prepared for interested parties in order to communicate the status, results, and outcomes of the measurement activities. Includes documentation of the measurement activity results, the measurement data that was collected and analyzed and results that were communicated, and any improvements or corrective actions driven by the measures with their supporting data"
"78cd1fed-161f-4926-a98c-a8d99f3aef58","en_Name","Maintenance record"
"78cd1fed-161f-4926-a98c-a8d99f3aef58","de_Name","Wartungsprotokoll"
"78cd1fed-161f-4926-a98c-a8d99f3aef58","de_Desc","Laut INCOSE Handbuch 4.0 - übersetzt von GfSE:
""Ein Warungsprotokoll enthält die lesbaren Aufzeichnungen der Daten, Informationen oder des Wissens bezogen auf die Wartung""."
"78cd1fed-161f-4926-a98c-a8d99f3aef58","en_Desc","Permanent, readable form of data, information, or knowledge related to maintenance"
"79348313-ecd9-4cf5-9d1a-4601ab702315","en_Name","Wartungsstrategie"
"79348313-ecd9-4cf5-9d1a-4601ab702315","de_Name","Wartungsstrategie"
"79348313-ecd9-4cf5-9d1a-4601ab702315","de_Desc","Approaches, schedules, resources, and specific considerations required to perform corrective and preventive maintenance in conformance with operational availability requirements"
"79348313-ecd9-4cf5-9d1a-4601ab702315","en_Desc","Approaches, schedules, resources, and specific considerations required to perform corrective and preventive maintenance in conformance with operational availability requirements"
"7b2edd1f-c574-4c6f-91cb-fbef7e39995a","en_Name","Risk record"
"7b2edd1f-c574-4c6f-91cb-fbef7e39995a","de_Name","Risikoprotokoll"
"7b2edd1f-c574-4c6f-91cb-fbef7e39995a","de_Desc","Laut INCOSE Handbuch 4.0 - übersetzt von GfSE:
""Ein Risikoprotokoll enthält die lesbaren Aufzeichnungen der Daten, Informationen oder des Wissens bezogen auf das Risikomanagement""."
"7b2edd1f-c574-4c6f-91cb-fbef7e39995a","en_Desc","Permanent, readable form of data, information, or knowledge related to risk management"
"7e9cf2e5-a4ad-4bb5-8035-385eb1599dbe","en_Name","Transition strategy"
"7e9cf2e5-a4ad-4bb5-8035-385eb1599dbe","de_Name","Übergabestrategie"
"7e9cf2e5-a4ad-4bb5-8035-385eb1599dbe","de_Desc","Laut INCOSE Handbuch 4.0 - übersetzt von GfSE:
""Die Übergabestrategie umfasst die Vorgehensweisen, Zeitpläne, Ressourcen und konkrete Überlegungen, um das System in die Betriebsumgebung zu überführen""."
"7e9cf2e5-a4ad-4bb5-8035-385eb1599dbe","en_Desc","Approaches, schedules, resources, and specific considerations required to transition the systems into its operation environment"
"80351b64-f201-4d42-97af-248475c50636","en_Name","Validated system"
"80351b64-f201-4d42-97af-248475c50636","de_Name","validiertes System"
"80351b64-f201-4d42-97af-248475c50636","de_Desc","Laut INCOSE Handbuch 4.0 - übersetzt von GfSE:
""Ein validiertes System ist ein System, das zur Auslieferung und zum Betrieb bereitsteht""."
"80351b64-f201-4d42-97af-248475c50636","en_Desc","Validated system ready for supply and operation. Also informs maintenance and disposal"
"8125ddd6-a161-4c29-9943-8382f1773807","en_Name","Infrastructure management report"
"8125ddd6-a161-4c29-9943-8382f1773807","de_Name","Infrastrukturmanagementbericht"
"8125ddd6-a161-4c29-9943-8382f1773807","de_Desc","Laut INCOSE Handbuch 4.0 - übersetzt von GfSE:
Der Infrastrukturmanagement-Bericht ist ein für Beteiligte erstellter Bericht, um den Stand, die Resultate und Ergebnisse der Infrastrukturmanagementaktivitäten zu kommunizieren.
Der Bericht beinhaltet Kennzahlen zu Kosten, zur Nutzung, zu Stillstand- und Reparaturzeiten etc. Er kann genutzt werden, um die Kapazitätsplanung nachfolgender Projekte zu unterstützen."
"8125ddd6-a161-4c29-9943-8382f1773807","en_Desc","An account prepared for interested parties in order to communicate the status, results, and outcomes of the infrastructure management activities. Includes cost, usage, downtime/response measures, etc. These can be used to support capacity planning for upcoming projects"
"81b48bbc-5163-41b5-986d-f79cec1f99f8","en_Name","Interface definition"
"81b48bbc-5163-41b5-986d-f79cec1f99f8","de_Name","Schnittstellendefinition"
"81b48bbc-5163-41b5-986d-f79cec1f99f8","de_Desc","Laut INCOSE Handbuch 4.0 - übersetzt von GfSE:
""Die Schnittstellendefinition umfasst die logischen und physischen ASpekte von internen Schnittstellen (zwischen den Systemelementen aus denen das System besteht) und externen Schnittstellen (zwischen den Systemelementen und den Elementen außerhalb des Zielsystems)""."
"81b48bbc-5163-41b5-986d-f79cec1f99f8","en_Desc","The logical and physical aspects of internal interfaces (between the system elements composing the system) and external interfaces (between the system elements and the elements outside the system of interest)"
"81e259c0-4686-4b6d-9675-01e34a4587a5","en_Name","Supply agreement"
"81e259c0-4686-4b6d-9675-01e34a4587a5","de_Name","Zulieferungsvertrag"
"81e259c0-4686-4b6d-9675-01e34a4587a5","de_Desc","Laut INCOSE Handbuch 4.0 - übersetzt von GfSE:
Ein Zulieferungsvertrag ist eine Übereinkunft bezüglich des Verhältnisses und der Verpflichtungen zwischen der Projektorganisation und dem Beschaffer. Die Übereinkunft kann von formalen Verträgen bis hin zu weniger formalen unternehmensinternen Arbeitsanweisungen reichen.
Verträge beinhalten typischerweise allgemeine Geschäfts- bzw. Auftragsbedingungen."
"81e259c0-4686-4b6d-9675-01e34a4587a5","en_Desc","An understanding of the relationship and commitments between the project organization and the acquirer. The agreement can vary from formal contracts to less formal interorganizational work orders. Formal agreements typically include terms and conditions"
"820fbf61-c5bb-4760-a667-9b093b78a315","en_Name","Initial RVTM"
"820fbf61-c5bb-4760-a667-9b093b78a315","de_Name","initiale RVTM"
"820fbf61-c5bb-4760-a667-9b093b78a315","de_Desc","Laut INCOSE Handbuch 4.0 - übersetzt von GfSE:
""Die initiale RVTM ist eine erste Auflistung von Anforderungen, deren Verifikationsattributen sowie deren Verweise aufeinander""."
"820fbf61-c5bb-4760-a667-9b093b78a315","en_Desc","A preliminary list of requirements, their verification attributes, and their traces"
"825bcd68-a087-45bb-bda0-493fc8b92c88","en_Name","Qualified personnel"
"825bcd68-a087-45bb-bda0-493fc8b92c88","de_Name","qualifiziertes Personal"
"825bcd68-a087-45bb-bda0-493fc8b92c88","de_Desc","Laut INCOSE Handbuch 4.0 - übersetzt von GfSE:
""""Die richtigen Leute mit den richtigen Fähigkeiten werden zum richtigen Zeitpunkt im Projekt eingesetzt""""."
"825bcd68-a087-45bb-bda0-493fc8b92c88","en_Desc","The right people with the right skills are assigned at the right time to projects per their skill needs and timing"
"8263d114-293a-4a4a-9749-39454d4065d8","en_Name","Quality assurance evaluation report"
"8263d114-293a-4a4a-9749-39454d4065d8","de_Name","Auswertungsbericht der Qualitätssicherung"
"8263d114-293a-4a4a-9749-39454d4065d8","de_Desc","Laut INCOSE Handbuch 4.0 - übersetzt von GfSE:
""Der Auswertungsbericht der Qualitätssicherung ist ein für Beteiligte erstellter Bericht um den Stand, die Resultate und die Ergebnisse der Qualitätssicherungaktivitäten zu kommunizieren. Er umfasst die Beurteilung der projektbezogenen Prozess- sowie Verbesserungsvorschläge oder notwendigen Korrekturmaßnahmen, sowie Eingaben zur Verbesserungen der Umsetzung von Lebenszyklusmodellen einer Organisation bereit""."
"8263d114-293a-4a4a-9749-39454d4065d8","en_Desc","An account prepared for interested parties in order to communicate evidence of whether the project’s quality assurance activities are effective. Includes the assessment of all the project‐related process and any suggested improvements or necessary corrective actions. Provides constructive input for improvements to an organization’s life cycle model implementation"
"834d6492-c8e0-49c6-b694-9617d19b3615","en_Name","Implementation constraints"
"834d6492-c8e0-49c6-b694-9617d19b3615","de_Name","Umsetzungsbedingte Einschränkungen"
"834d6492-c8e0-49c6-b694-9617d19b3615","de_Desc","Laut INCOSE Handbuch 4.0 - übersetzt von GfSE:
""Die umsetzungsbedingten Einschränkungen umfassen sämtliche Einschränkungen an das System, die sich aus der Umsetzungsstrategie ergeben, einschließlich Kosten, Zeitrahmen und technischen Einschränkungen""."
"834d6492-c8e0-49c6-b694-9617d19b3615","en_Desc","Any constraints on the system arising from the implementation strategy including cost, schedule, and technical constraints"
"84e97d09-ad79-43a3-bd1f-15b0ef8ca032","en_Name","Quality assurance report"
"84e97d09-ad79-43a3-bd1f-15b0ef8ca032","de_Name","Qualitätssicherungsbericht"
"84e97d09-ad79-43a3-bd1f-15b0ef8ca032","de_Desc","Laut INCOSE Handbuch 4.0 - übersetzt von GfSE:
""Der Qualitätssicherungsbericht ist ein für Beteiligte erstellter Bericht um den Stand, die Resultate und Ergebnisse der Qualitätssicherungsaktivitäten zu kommunizieren.
Er enthält auch Informationen über Abweichungen von den vorgegebenen Bedingungen während des gesamten Produktlebenszyklus und weiterhin auch Maßnahmen die ergriffen werden sollen, wenn die Ziele der Qualitätssicherung nicht erreicht werden""."
"84e97d09-ad79-43a3-bd1f-15b0ef8ca032","en_Desc","An account prepared for interested parties in order to communicate the status, results, and outcomes of the quality assurance activities. Includes information on deviations from nominal conditions during the product life cycle and actions to be taken when quality assurance goals and objectives are not achieved"
"859ebfe8-9cac-4ddf-b0a6-467c488d2e31","en_Name","Validation procedure"
"859ebfe8-9cac-4ddf-b0a6-467c488d2e31","de_Name","Validierungsverfahren"
"859ebfe8-9cac-4ddf-b0a6-467c488d2e31","de_Desc","Laut INCOSE Handbuch 4.0 - übersetzt von GfSE:
""Ein Validierungsverfahren umfasst eine Reihe von Aktivitäten zur Validierung eines Systems, die mittels speziellen Techniken und Hilfsmitteln dafür durchgeführt werden""."
"859ebfe8-9cac-4ddf-b0a6-467c488d2e31","en_Desc","A validation procedure that includes a set of validation actions, using specific validation techniques, performed with specific validation enablers"
"86206312-c218-48f6-a910-da68d48fd64d","en_Name","System design rationale"
"86206312-c218-48f6-a910-da68d48fd64d","de_Name","Begründung des Systementwurfs"
"86206312-c218-48f6-a910-da68d48fd64d","de_Desc","Laut INCOSE Handbuch 4.0 - übersetzt von GfSE:
""Die Begründung des Systementwurfs ist die Erklärung für die Auswahl eines Entwurfs, die Auswahl der Systemelemente und die Zuweisung der Systemanforderungen zu den Systemelementen. Die Begründung enthält die Erklärung für die maßgeblichen gewählten Möglichkeiten und Mittel der Umsetzung."""
"86206312-c218-48f6-a910-da68d48fd64d","en_Desc","Rationale for design selection, system element selection, and allocation between system requirements and system element. Includes rationale of major selected implementation options and enablers"
"866fef9b-4d82-4c78-b499-02dc132acc56","en_Name","Quality management guidelines"
"866fef9b-4d82-4c78-b499-02dc132acc56","de_Name","Qualitätsmanagementrichtlinien"
"866fef9b-4d82-4c78-b499-02dc132acc56","de_Desc","Laut INCOSE Handbuch 4.0 - übersetzt von GfSE:
""Die Qualitätsmanagement-Richtlinien umfassen die Vorgaben für alle Praktiken rund um die Qualität innerhalb des Unternehmens oder innerhalb einzelner Projekte sowie im Rahmen der Ausführung der Prozesse des Systemlebenszyklus""."
"866fef9b-4d82-4c78-b499-02dc132acc56","en_Desc","Guidelines for quality practices within the organization, within individual projects, and as part of the execution of system life cycle processes"
"87b33951-5f96-46a6-ba14-9d881f8dbd52","en_Name","Customer satisfaction inputs"
"87b33951-5f96-46a6-ba14-9d881f8dbd52","de_Name","Rückmeldungen zur Kundenzufriedenheit"
"87b33951-5f96-46a6-ba14-9d881f8dbd52","de_Desc","Laut INCOSE Handbuch 4.0 - übersetzt von GfSE:
Die Rückmeldungen zur Kundenzufriedenheit sind die Antworten auf Umfragen zur Kundenzufriedenheit oder ähnliches."
"87b33951-5f96-46a6-ba14-9d881f8dbd52","en_Desc","Responses to customer satisfaction surveys or other instruments"
"8929a81b-b9ae-46fc-a916-c495b55d74f2","en_Name","Project direction"
"8929a81b-b9ae-46fc-a916-c495b55d74f2","de_Name","Projektanweisung"
"8929a81b-b9ae-46fc-a916-c495b55d74f2","de_Desc","Laut INCOSE Handbuch 4.0 - übersetzt von GfSE:
""Eine Projektanweisung ist eine organisationsbezogene Anweisung an das Projekt. Sie umfasst die Fortführung von Projekten, die die Bewertungskriterien erfüllen sowie die Neuausrichtung oder Beendigung von Projekten, die die Bewertungskriterien nicht erfüllen""."
"8929a81b-b9ae-46fc-a916-c495b55d74f2","en_Desc","Organizational direction to the project. Includes sustainment of projects meeting assessment criteria and redirection or termination of projects not meeting assessment criteria"
"895bf32c-acd8-4429-a9e4-b0ccb2ffcbf6","en_Name","Project tailoring strategy"
"895bf32c-acd8-4429-a9e4-b0ccb2ffcbf6","de_Name","Projektanpassungsstrategie"
"895bf32c-acd8-4429-a9e4-b0ccb2ffcbf6","de_Desc","Laut INCOSE Handbuch 4.0 - übersetzt von GfSE:
""Die Projektanpassungsstrategie umfasst die Vorgehensweisen, Zeitpläne, Ressourcen und konkrete Überlegungen, um die Standard-Lebenszyklusprozesse einer Organisation im Rahmen eines Projekts anzupassen und einzuführen""."
"895bf32c-acd8-4429-a9e4-b0ccb2ffcbf6","en_Desc","Approaches, schedules, resources, and specific considerations required to incorporate and tailor the organization’s set of standard life cycle processes for a given project"
"8b22cc29-784f-4c66-9e73-63662674efda","en_Name","Acquisition need"
"8b22cc29-784f-4c66-9e73-63662674efda","de_Name","Beschaffungsbedarf"
"8b22cc29-784f-4c66-9e73-63662674efda","de_Desc","Laut INCOSE Handbuch 4.0 - übersetzt von GfSE:
""Der Beschaffungsbedarf umfasst das Erkennen eines Bedarfes, der nicht innerhalb der Organisation, die den Bedarf hat, befriedigt oder kostengünstiger durch einen Zulieferer gedeckt werden kann""."
"8b22cc29-784f-4c66-9e73-63662674efda","en_Desc","The identification of a need that cannot be met within the organization encountering the need or a need that can be met in a more economical way by a supplier"
"8b95999a-c8e0-49cb-9aff-ddc51c4ba995","en_Name","System elements"
"8b95999a-c8e0-49cb-9aff-ddc51c4ba995","de_Name","Systemelemente"
"8b95999a-c8e0-49cb-9aff-ddc51c4ba995","de_Desc","Laut INCOSE Handbuch 4.0 - übersetzt von GfSE:
""Ein Systemelement ist ein gemäß dem Beschaffungsvertrag erstellter oder beschaffter Bestandteil eines Systems""."
"8b95999a-c8e0-49cb-9aff-ddc51c4ba995","en_Desc","System elements implemented or supplied according to the acquisition agreement"
"8b9772f2-961f-44d3-a108-0d2193e5d41a","en_Name","Supplied System"
"8b9772f2-961f-44d3-a108-0d2193e5d41a","de_Name","ausgeliefertes System"
"8b9772f2-961f-44d3-a108-0d2193e5d41a","de_Desc","Laut INCOSE Handbuch 4.0 - übersetzt von GfSE:
Ein ausgeliefertes System ist ein System oder Systemelement (Produkt oder Service) das gemäß den Lieferbedingungen des Liefervertrages vom Zulieferen an den Besteller geliefert wird."
"8b9772f2-961f-44d3-a108-0d2193e5d41a","en_Desc","The system or system element (product or service) is delivered from the supplier to the acquirer consistent with the delivery conditions of the supply agreement"
"8c197b88-4dd9-4d28-9cfb-960f07869195","en_Name","Supply record"
"8c197b88-4dd9-4d28-9cfb-960f07869195","de_Name","Zulieferungsprotokoll"
"8c197b88-4dd9-4d28-9cfb-960f07869195","de_Desc","Laut INCOSE Handbuch 4.0 - übersetzt von GfSE:
Ein Zulieferungsprotokoll enthält die lesbaren Aufzeichnungen der Daten, Informationen oder des Wissens bezogen auf die Zulieferung."
"8c197b88-4dd9-4d28-9cfb-960f07869195","en_Desc","Permanent, readable form of data, information, or knowledge related to supply"
"8cdf596f-6d9a-48fd-9072-27a704886887","en_Name","Project performance measures data"
"8cdf596f-6d9a-48fd-9072-27a704886887","de_Name","Projekt-Leistungsmessdaten"
"8cdf596f-6d9a-48fd-9072-27a704886887","de_Desc","Laut INCOSE Handbuch 4.0 - übersetzt von GfSE:
""Die Projekt-Leistungsmessdaten sind die für die identifizierten Messbedarfe bereitgestellten Daten""."
"8cdf596f-6d9a-48fd-9072-27a704886887","en_Desc","Data provided for the identified measurement needs"
"8d46c7ee-17b7-4f8f-8871-bed4f0a37965","en_Name","Validation criteria"
"8d46c7ee-17b7-4f8f-8871-bed4f0a37965","de_Name","Validierungskriterien"
"8d46c7ee-17b7-4f8f-8871-bed4f0a37965","de_Desc","Laut INCOSE Handbuch 4.0 - übersetzt von GfSE:
""Die Validierungskriterien (zu untersuchende Kennzahlen) umfassen die Validierungsaktivitäten und auch das Validierungsumfeld des Zielsystems""."
"8d46c7ee-17b7-4f8f-8871-bed4f0a37965","en_Desc","The validation criteria (the measures to be assessed), who will perform validation activities, and the validation environments of the system of interest"
"8e3bb868-87cc-4d20-9d14-bd64fd535499","en_Name","Preliminary interface definition"
"8e3bb868-87cc-4d20-9d14-bd64fd535499","de_Name","vorläufige Schnittstellendefinition"
"8e3bb868-87cc-4d20-9d14-bd64fd535499","de_Desc","Laut INCOSE Handbuch 4.0 - übersetzt von GfSE:
""Die vorläufige Schnittstellendefinition umfasst die vorläufigen logischen und physischen Aspekte zu internen Schnittstellen (zwischen den Systemelementen, aus denen das System besteht) und externen Schnittstellen (zwischen den System-Elementen des Systems und den Elementen außerhalb des Zielsystems)""."
"8e3bb868-87cc-4d20-9d14-bd64fd535499","en_Desc","The preliminary logical and physical aspects of internal interfaces (between the system elements composing the system) and external interfaces (between the system elements of the system and the elements outside the system of interest)"
"90cf1423-3569-429a-a248-83baac38d066","en_Name","Project performance measures needs"
"90cf1423-3569-429a-a248-83baac38d066","de_Name","Bedarf an Projekt-Leistungskennzahlen"
"90cf1423-3569-429a-a248-83baac38d066","de_Desc","Laut INCOSE Handbuch 4.0 - übersetzt von GfSE:
""Der Bedarf an Projekt-Leistungskennzahlen umfasst die Projekt-Leistungskennzahlen, die messen, wie gut das Projekt seine Ziele erfüllt""."
"90cf1423-3569-429a-a248-83baac38d066","en_Desc","Identification of the project performance measures, which measure how well the project is satisfying it objectives"
"918ca38e-cc69-49a7-9c57-7d3c02fb1cd1","en_Name","Installation procedure"
"918ca38e-cc69-49a7-9c57-7d3c02fb1cd1","de_Name","Installationsverfahren"
"918ca38e-cc69-49a7-9c57-7d3c02fb1cd1","de_Desc","Laut INCOSE Handbuch 4.0 - übersetzt von GfSE:
""Ein Installationsverfahren umfasst eine Reihe von Aktivitäten zur Installation eines Systems, die mittels speziellen Techniken und Hilfsmitteln dafür durchgeführt werden""."
"918ca38e-cc69-49a7-9c57-7d3c02fb1cd1","en_Desc","An installation procedure that includes a set of installation actions, using specific installation techniques, performed with specific transition enablers"
"926fc0a1-ebe5-4cf2-8d6a-ec647c7c6070","en_Name","Final RVTM"
"926fc0a1-ebe5-4cf2-8d6a-ec647c7c6070","de_Name","finale RVTM"
"926fc0a1-ebe5-4cf2-8d6a-ec647c7c6070","de_Desc","Laut INCOSE Handbuch 4.0 - übersetzt von GfSE:
""Die finale RVTM entspricht der endgültigen Liste von Anforderungen, deren Verifikationsattributen und deren Verweise aufeinander. Sie beinhaltet alle aufgrund von Verifikationsaktivitäten vorgeschlagenen Änderungen der Systemanforderungen""."
"926fc0a1-ebe5-4cf2-8d6a-ec647c7c6070","en_Desc","Final list of requirements, their verification attributes, and their traces. Includes any proposed changes to the system requirements due to the verification actions"
"933de767-80aa-44cb-b790-fa7494a11c0b","en_Name","Human resource management record"
"933de767-80aa-44cb-b790-fa7494a11c0b","de_Name","Personalmanagementprotokoll"
"933de767-80aa-44cb-b790-fa7494a11c0b","de_Desc","Laut INCOSE Handbuch 4.0 - übersetzt von GfSE:
Ein Personalmanagement-Protokoll enthält lesbaren Aufzeichnungen der Daten, Informationen oder des Wissens bezogen auf das Personalmanagement."
"933de767-80aa-44cb-b790-fa7494a11c0b","en_Desc","Permanent, readable form of data, information, or knowledge related to human resource management"
"945a2e0b-374c-4014-b5e4-01c781ebde3c","en_Name","Organization portfolio direction and constraints"
"945a2e0b-374c-4014-b5e4-01c781ebde3c","de_Name","Organisationsvorgaben und -einschränkungen an das Portfolio"
"945a2e0b-374c-4014-b5e4-01c781ebde3c","de_Desc","Laut INCOSE Handbuch 4.0 - übersetzt von GfSE:
Die organisationsvorgaben und -einschränkungen an das Portfolio umfassen geschäftliche Zielvorgaben, Finanzierungsauslagen und Einschränkungen der Organisation, fortlaufende Forschung und Entwicklung (F&E), Markttendenzen usw. sowie Kosten, Zeitrahmen und technische Einschränkungen."
"945a2e0b-374c-4014-b5e4-01c781ebde3c","en_Desc","Organization business objectives, funding outlay and constraints, ongoing research and development (R&D), market tendencies, etc., including cost, schedule, and solution constraints"
"94653c00-8945-4111-988a-f9239f1d7e81","en_Name","Life cycle models"
"94653c00-8945-4111-988a-f9239f1d7e81","de_Name","Lebenszyklusmodelle"
"94653c00-8945-4111-988a-f9239f1d7e81","de_Desc","Laut INCOSE Handbuch 4.0 - übersetzt von GfSE:
""Lebenszyklusmodelle umfassen ein oder mehrere für das Projekt geeignete Definitionen des Geschäfts- und andere Entscheidungskriterien in Bezug auf die Übergänge zwischen den Lebenszyklus abschnitten.
Die Informationen und Artefakte dazu werden gesammelt und zur Verfügung gestellt, damit sie verwendet und wiederverwendet werden können""."
"94653c00-8945-4111-988a-f9239f1d7e81","en_Desc","Life cycle model or models appropriate for the project. Includes definition of the business and other decision‐making criteria regarding entering and exiting each life cycle stage. The information and artifacts are collected and made available to be used and reused"
"95d9105e-3d79-48bf-ad81-d34628503715","en_Name","System architecture rationale"
"95d9105e-3d79-48bf-ad81-d34628503715","de_Name","Begründung der Systemarchitektur"
"95d9105e-3d79-48bf-ad81-d34628503715","de_Desc","Laut INCOSE Handbuch 4.0 - übersetzt von GfSE:
""Die Begründung der Systemarchitektur ist die Erklärung für die Auswahl einer Architektur, die Auswahl der technologischen bzw. technischen Systemelemente und der Zuweisung der Systemanforderungen zu architektonischen Elementen (z. B. Funktionen, Eingabe- bzw. Ausgabeflüssen, Systemelementen, physikalischen Schnittstellen, architektonischen Besonderheiten, Informations- bzw. Datenelementen, Datenträger, Datenknoten, Verbindungen, Kommunikations-Ressourcen)."""
"95d9105e-3d79-48bf-ad81-d34628503715","en_Desc","Rationale for architecture selection, technological/technical system element selection, and allocation between system requirements and architectural entities (e.g., functions, input/output flows, system elements, physical interfaces, architectural characteristics, information/data elements, containers, nodes, links, communication resources)"
"9721fa66-8382-49c8-abee-486d08ca2d8d","en_Name","Portfolio management plan"
"9721fa66-8382-49c8-abee-486d08ca2d8d","de_Name","Portfoliomanagementsplan"
"9721fa66-8382-49c8-abee-486d08ca2d8d","de_Desc","Laut INCOSE Handbuch 4.0 - übersetzt von GfSE:
Der Portfoliomanagementplan umfasst die Vorgehensweisen, Zeitpläne, Ressourcen nd konkrete Überlegungen, um ein Projektportfolio zu definieren."
"9721fa66-8382-49c8-abee-486d08ca2d8d","en_Desc","Approaches, schedules, resources, and specific considerations required to define a project portfolio"
"9abc00a2-ef3c-486a-89c4-3b9e16d012fe","en_Name","Project human resources needs"
"9abc00a2-ef3c-486a-89c4-3b9e16d012fe","de_Name","Personalbedarf des Projekts"
"9abc00a2-ef3c-486a-89c4-3b9e16d012fe","de_Desc","Laut INCOSE Handbuch 4.0 - übersetzt von GfSE:
""Der Personalbedarf des Projekts umfasst den im Projekt bestehende Bedarf an Personal, einschließlich der Verpflichtungen gegenüber externen Stakeholdern""."
"9abc00a2-ef3c-486a-89c4-3b9e16d012fe","en_Desc","Specific requests for human resources needed by the project, including commitments to external stakeholders"
"9b21ff96-8373-451a-8c8c-cc5367fcfca0","en_Name","Disposal record"
"9b21ff96-8373-451a-8c8c-cc5367fcfca0","de_Name","Entsorgungsprotokoll"
"9b21ff96-8373-451a-8c8c-cc5367fcfca0","de_Desc","Laut INCOSE Handbuch 4.0 - übersetzt von GfSE:
""Ein Entsorgungsprotokoll enthält die lesbaren Aufzeichnungen der Daten, Informationen oder des Wissens bezogen auf die Entsorgung."""
"9b21ff96-8373-451a-8c8c-cc5367fcfca0","en_Desc","Permanent, readable form of data, information, or knowledge related to disposal"
"9b26bb44-5b46-4890-9d86-30fa22bdb03c","en_Name","Measurement record"
"9b26bb44-5b46-4890-9d86-30fa22bdb03c","de_Name","Messprotokoll"
"9b26bb44-5b46-4890-9d86-30fa22bdb03c","de_Desc","Laut INCOSE Handbuch 4.0 - übersetzt von GfSE:
""Ein Messprotokoll enthält lesbaren Aufzeichnunge der Daten, Informationen oder des Wissens bezogen auf die Messung""."
"9b26bb44-5b46-4890-9d86-30fa22bdb03c","en_Desc","Permanent, readable form of data, information, or knowledge related to measurement"
"9cd824a5-310f-47ca-995a-9934f027965c","en_Name","System design description"
"9cd824a5-310f-47ca-995a-9934f027965c","de_Name","Beschreibung des Systementwurfs"
"9cd824a5-310f-47ca-995a-9934f027965c","de_Desc","Laut INCOSE Handbuch 4.0 - übersetzt von GfSE:
""Die Beschreibung des Systementwurfs ist eine Darstellung des ausgewählten Systementwurfs. Darin sind die Systemelemente identifiziert und definiert."""
"9cd824a5-310f-47ca-995a-9934f027965c","en_Desc","Description of the selected system design. System elements are identified and defined"
"9e1e1d8d-846b-4752-b0fa-d48b7ab56ce0","en_Name","Preliminary MOE data"
"9e1e1d8d-846b-4752-b0fa-d48b7ab56ce0","de_Name","vorläufige Wirksamkeitsmessdaten"
"9e1e1d8d-846b-4752-b0fa-d48b7ab56ce0","de_Desc","Laut INCOSE Handbuch 4.0 - übersetzt von GfSE:
""Die vorläufigen Wirksamkeitsmessdaten sind die für die identifizierten Messbedarfe vorab bereitgestellten Daten""."
"9e1e1d8d-846b-4752-b0fa-d48b7ab56ce0","en_Desc","Preliminary data provided for the identified measurement needs"
"9f891887-b6a0-4b65-93d4-a6e461a06cfc","en_Name","Maintenance constraints"
"9f891887-b6a0-4b65-93d4-a6e461a06cfc","de_Name","wartungsbedingte Einschränkungen"
"9f891887-b6a0-4b65-93d4-a6e461a06cfc","de_Desc","Laut INCOSE Handbuch 4.0 - übersetzt von GfSE:
""Die wartungsbedingten Einschränkungen umfassen sämtliche Einschränkungen an das System, die sich aus der Instandhaltungsstrategie ergeben, einschließlich der Kosten, des Zeitrahmens und der technischen Einschränkungen""."
"9f891887-b6a0-4b65-93d4-a6e461a06cfc","en_Desc","Any constraints on the system arising from the maintenance strategy including cost, schedule, and technical constraints"
"a2651f57-5803-4a88-a6bf-fa1bb13958c7","en_Name","Project change requests"
"a2651f57-5803-4a88-a6bf-fa1bb13958c7","de_Name","Projektänderungsanträge"
"a2651f57-5803-4a88-a6bf-fa1bb13958c7","de_Desc","Laut INCOSE Handbuch 4.0 - übersetzt von GfSE:
""Projektänderungsanträge sind die Anträge, festgelegte, formale Referenzkonfigurationen zu ändern. In vielen Fällen wird die Notwendigkeit eines Änderungsantrags während der Prozesse zur Projektbewertung und -steuerung erkannt. Änderungsanträge können aus jedem Lebenszyklusprozess resultieren""."
"a2651f57-5803-4a88-a6bf-fa1bb13958c7","en_Desc","Requests to update any formal baselines that have been established. In many cases, the need for change requests is identified during the project assessment and control process. Can originate from any life cycle process"
"a280619f-6ca3-444a-a328-b00ec0d68fba","en_Name","Organization lesson learned"
"a280619f-6ca3-444a-a328-b00ec0d68fba","de_Name","""Lessons Learned"" der Organisation"
"a280619f-6ca3-444a-a328-b00ec0d68fba","de_Desc","Laut INCOSE Handbuch 4.0 - übersetzt von GfSE:
""Lessons Learned"" der Organisation sind die Lehren und Erkenntnisse einer Organisation. Sie resultieren aus der Evaluierung oder Beobachtung von durchgeführten Korrekturmaßnahmen, die zu verbesserten Leistungen oder besseren Fähigkeit beigetragen haben. ""Lessons Learned"" können sich ebenfalls aus der Bewertung oder der Beobachtung eines positiven Ergebnisses ergeben, das keine anderen Korrekturmaßnahmen, sondern nur den Erhalt der positiven Maßnahmen erfordert."
"a280619f-6ca3-444a-a328-b00ec0d68fba","en_Desc","Organizational‐related lessons learned. Results from an evaluation or observation of an implemented corrective action that contributed to improved performance or increased capability. A lesson learned also results from an evaluation or observation of a positive finding that did not necessarily require corrective action other than sustainment"
"a5c79d04-c69c-4725-8ae1-1a8c4f42da0f","en_Name","Operation strategy"
"a5c79d04-c69c-4725-8ae1-1a8c4f42da0f","de_Name","Betriebsstrategie"
"a5c79d04-c69c-4725-8ae1-1a8c4f42da0f","de_Desc","Laut INCOSE Handbuch 4.0 - übersetzt von GfSE:
""Die Betriebsstrategie umfasst die Vorgehensweisen, Zeitpläne, Ressourcen und konkreten Überlegungen, um das System zu betreiben."""
"a5c79d04-c69c-4725-8ae1-1a8c4f42da0f","en_Desc","Approaches, schedules, resources, and specific considerations required to perform system operations"
"a86aa7d9-f171-4c06-b536-a497058f4ce5","en_Name","System requirements"
"a86aa7d9-f171-4c06-b536-a497058f4ce5","de_Name","Systemanforderungen"
"a86aa7d9-f171-4c06-b536-a497058f4ce5","de_Desc","Laut INCOSE Handbuch 4.0 - übersetzt von GfSE:
""Die Systemanforderungen beschreiben, was das System - inwieweit und unter welchen Bedingungen - tun muss, um die Projekt- und Entwurfsvorgaben zu erfüllen. Sie enthalten verschiedenen Typen von Anforderungen, wie z. B. zur Funktion, Leistungsfähigkeit, zu Schnittstellen, zum Verhalten (z. B. Zustände und Betriebsarten, Reaktionsverhalten, Verhalten bei Fehlern oder beim Versagen), Betriebsbedingungen (z. B. Sicherheit, Zuverlässigkeit, menschliche Einflüsse, Umweltbedingungen), Transport, Lagerung, physische Rahmenbedingungen, Realisierung, Integration, Verifikation, Validierung, Herstellung, Wartung, Entsorgungsvorgaben sowie geltende Normen dazu. Systemanforderungen werden in einer ""Spezifikation der Systemanforderungen"" (System Requirements Specification, SyRS) oder kurz Systemspezifikation erfasst. Sie umfasst die Anfroderungen auf allen Ebenen der Systemhierarchie""."
"a86aa7d9-f171-4c06-b536-a497058f4ce5","en_Desc","What the system needs to do, how well, and under what conditions, as required to meet project and design constraints. Includes types of requirements such as functional, performance, interface, behavior (e.g., states and modes, stimulus responses, fault and failure handling), operational conditions (e.g., safety, dependability, human factors, environmental conditions), transportation, storage, physical constraints, realization, integration, verification, validation, production, maintenance, disposal constraints, and regulation. System requirements may be captured in a document called the System Requirements Specification (SyRS) or just System Specification. This includes the requirements at any level in the system hierarchy"
"ab33d3d2-038d-4226-bbeb-b2e920743d9f","en_Name","Concept of operations (ConOps)"
"ab33d3d2-038d-4226-bbeb-b2e920743d9f","de_Name","Vorgehenskonzept (ConOps)"
"ab33d3d2-038d-4226-bbeb-b2e920743d9f","de_Desc","Laut INCOSE Handbuch 4.0 - übersetzt von GfSE:
""Das Vorgehenskonzept (ConOps) ist eine verbale oder auch graphische Beschreibung für die Organisationsleitung. Es beschreibt die Annahmen bzw. Absichten in Bezug auf einen Vorgang oder eine Serie von Vorgängen im Rahmen des Vorhabens, um alle neuen Fähigkeiten mit einzubeziehen. (ANSI/AIAA, 2012; ISO/IEC/IEEE 29148, 2011)"""
"ab33d3d2-038d-4226-bbeb-b2e920743d9f","en_Desc","The ConOps is a verbal and/or graphic statement prepared for the organization’s leadership that describes the assumptions or intent regarding the overall operation or series of operations of the enterprise, to include any new capability (ANSI/AIAA, 2012; ISO/IEC/IEEE 29148, 2011)"
"ac4c14b4-361c-4100-a2f6-52d22195ae8d","en_Name","Alternative solution classes"
"ac4c14b4-361c-4100-a2f6-52d22195ae8d","de_Name","alternative Lösungsrahmen"
"ac4c14b4-361c-4100-a2f6-52d22195ae8d","de_Desc","Laut INCOSE Handbuch 4.0 - übersetzt von GfSE:
""Der alternative Lösungsrahmen erfasst und beschreibt den Rahmen der möglichen Lösungen für ein Problem oder für die Nutzung einer Möglichkeit""."
"ac4c14b4-361c-4100-a2f6-52d22195ae8d","en_Desc","Identifies and describes the classes of solutions that may address the problem or opportunity"
"ac5ff023-66d3-4316-842f-8a06376714fe","en_Name","Configuration management record"
"ac5ff023-66d3-4316-842f-8a06376714fe","de_Name","Konfigurationsmanagementprotokoll"
"ac5ff023-66d3-4316-842f-8a06376714fe","de_Desc","Laut INCOSE Handbuch 4.0 - übersetzt von GfSE:
""Ein Konfigurationsmanagementprotokoll enthält die lesbaren Aufzeichnungen der Daten, Informationen oder des Wissens bezogen auf das Konfigurationsmanagement""."
"ac5ff023-66d3-4316-842f-8a06376714fe","en_Desc","Permanent, readable form of data, information, or knowledge related to configuration management"
"ac96787a-b86b-483e-add0-ee75508b2c62","en_Name","Portfolio management record"
"ac96787a-b86b-483e-add0-ee75508b2c62","de_Name","Portfoliomanagementprotokoll"
"ac96787a-b86b-483e-add0-ee75508b2c62","de_Desc","Laut INCOSE Handbuch 4.0 - übersetzt von GfSE:
Ein Portfoliomanagementprotokoll enthält die lesbaren Aufzeichnungen der Daten, Informationen oder des Wissens zum bezogen auf das Portfoliomanagement."
"ac96787a-b86b-483e-add0-ee75508b2c62","en_Desc","Permanent, readable form of data, information, or knowledge related to portfolio management"
"ad05cc86-13fa-46e3-b623-aa6280ac9f32","en_Name","Trained operators and maintainers"
"ad05cc86-13fa-46e3-b623-aa6280ac9f32","de_Name","geschulte Betreiber und Instandhalter"
"ad05cc86-13fa-46e3-b623-aa6280ac9f32","de_Desc","Laut INCOSE Handbuch 4.0 - übersetzt von GfSE:
""Geschulte Betreiber und Instandhalter sind für die Bedienung und Warung des Systems ausgebildete Menschen""."
"ad05cc86-13fa-46e3-b623-aa6280ac9f32","en_Desc","Trained humans that will operate and maintain the system"
"ae9e97db-6908-46ee-8bde-facbabbfcb40","en_Name","Problem or opportunity statement"
"ae9e97db-6908-46ee-8bde-facbabbfcb40","de_Name","Problem- oder Chancenfeststellung"
"ae9e97db-6908-46ee-8bde-facbabbfcb40","de_Desc","Laut INCOSE Handbuch 4.0 - übersetzt von GfSE:
""Die Problem- oder Chancenfeststellung umfasst die Beschreibung der Probleme oder der Chancen. Sie sollte aus der Strategie der Organisation abgeleitet werden und genügend Details darlegen, um Lücken oder die neue Funktion, die in Betracht gezogen werden, zu verstehen""."
"ae9e97db-6908-46ee-8bde-facbabbfcb40","en_Desc","Description of the problem or opportunity. Should be derived from the organization strategy and provide enough detail to understand the gap or new capability that is being considered"
"af0d6bc8-3445-4910-8b6c-7cb4fc988a29","en_Name","Preliminary MOE needs"
"af0d6bc8-3445-4910-8b6c-7cb4fc988a29","de_Name","Bedarf an vorläufigen Wirksamkeitsmessungen"
"af0d6bc8-3445-4910-8b6c-7cb4fc988a29","de_Desc","Laut INCOSE Handbuch 4.0 - übersetzt von GfSE:
""Der Bedarf an vorläufigen Wirksamkeits-Messungen umfasst die vorläufigen Wirksamkeitskennzahlen (MOE) (Roedler und Jones, 2006), die den Informationsbedarf der Entscheidungsträger in Bezug auf die Wirksamkeit des Systems definieren, die operativen Erwartungen zu erfüllen""."
"af0d6bc8-3445-4910-8b6c-7cb4fc988a29","en_Desc","Preliminary identification of the MOEs (Roedler and Jones, 2006), which define the information needs of the decision makers with respect to system effectiveness to meet operational expectations"
"afb7c77d-c10b-4b69-86f1-960906ca1ca4","en_Name","Configuration management report"
"afb7c77d-c10b-4b69-86f1-960906ca1ca4","de_Name","Konfigurationsmanagementbericht"
"afb7c77d-c10b-4b69-86f1-960906ca1ca4","de_Desc","Laut INCOSE Handbuch 4.0 - übersetzt von GfSE:
""Der Konfigurationsmanagementbericht ist ein für Beteiligte erstellter Bericht, um den Stand, die Resultate und die Ergebnisse der Aktivitäten des Konfigurationsmanagements zu kommunizieren
Er dokumentiert die Auswirkung auf alle Prozesse, Organisationen, Entscheidungen (inkl. aller notwendigen Änderungsmitteilungen), Produkte und Dienstleistungen, die durch einen Änderungsantrag betroffen sind""."
"afb7c77d-c10b-4b69-86f1-960906ca1ca4","en_Desc","An account prepared for interested parties in order to communicate the status, results, and outcomes of the configuration management activities. Documents the impact to any process, organization, decision (including any required change notification), products, and services affected by a given change request"
"b0338605-ba64-4de6-bebc-1b291cfce6ed","en_Name","Disposed system"
"b0338605-ba64-4de6-bebc-1b291cfce6ed","de_Name","entsorgtes System"
"b0338605-ba64-4de6-bebc-1b291cfce6ed","de_Desc","Laut INCOSE Handbuch 4.0 - übersetzt von GfSE:
""Das entsorgte System ist das entsorgte, deaktivierte, zerlegte oder außer Betrieb genommene System."""
"b0338605-ba64-4de6-bebc-1b291cfce6ed","en_Desc","Disposed system that has been deactivated, disassembled, and removed from operations"
"b0a4a060-da04-41ff-9ad8-3cf42a2d42fd","en_Name","Configuration baselines"
"b0a4a060-da04-41ff-9ad8-3cf42a2d42fd","de_Name","Referenzkonfigurationen"
"b0a4a060-da04-41ff-9ad8-3cf42a2d42fd","de_Desc","Laut INCOSE Handbuch 4.0 - übersetzt von GfSE:
""Die Referenzkonfigurationen sind archivierte Stände der tatsächlichen Konfigurationseinheiten zu einem bestimmten Zeitpunkt. Die erforderliche Dokumentation der Referenzkonfiguration wird rechtzeitig entwickelt und beschrieben, um die Entwicklung von Anforderungen, technische Überprüfungen, Beschaffungs- und Instandhaltungsstrategien sowie die Produktions zu unterstützen""."
"b0a4a060-da04-41ff-9ad8-3cf42a2d42fd","en_Desc","Items placed under formal change control. The required configuration baseline documentation is developed and approved in a timely manner to support required systems engineering (SE) technical reviews, the system’s acquisition and support strategies, and production"
"b0adc531-6844-4c5f-b322-0341f317d870","en_Name","Decision management strategy"
"b0adc531-6844-4c5f-b322-0341f317d870","de_Name","Entscheidungsmanagementstrategie"
"b0adc531-6844-4c5f-b322-0341f317d870","de_Desc","Laut INCOSE Handbuch 4.0 - übersetzt von GfSE:
""Die Entscheidungsmanagement-Strategie umfasst die die Vorgehensweisen, Zeitpläne, Ressourcen und konkreten Überlegungen, um das Entscheidungsmanagement im Rahmen eines Projekts durchzuführen""."
"b0adc531-6844-4c5f-b322-0341f317d870","en_Desc","Approaches, schedules, resources, and specific considerations required to perform decision management for a project"
"b0b3a97a-2946-4614-8aad-808ded847df3","en_Name","Project portfolio"
"b0b3a97a-2946-4614-8aad-808ded847df3","de_Name","Projektportfolio"
"b0b3a97a-2946-4614-8aad-808ded847df3","de_Desc","Laut INCOSE Handbuch 4.0 - übersetzt von GfSE:
""Das Projektportfolio umfasst die notwendigen Informationen über alle Projekte einer Organisation. Dazu zählt das Aufsetzen neuer Projekte ebenso wie das Einrichten von Ansätzen zum Produktrichtlinienmanagement. Das Projektportfolio enthält die Projektziele, die Ressourcen, das identifizierte und den Projekten zugeordnete Budge sowie klar definierte Verantwortlichkeiten und Weisungsbefugnisse zum Projektmanagement""."
"b0b3a97a-2946-4614-8aad-808ded847df3","en_Desc","The necessary information for all of the organizations’ projects. The initiation of new projects or the setting up of a product line management approach. Includes the project goals, resources, budgets identified and allocated to the projects, and clearly defined project management accountability and authorities"
"b47ab109-68f7-4ecd-8ce6-8d45ba137a58","en_Name","Architecture traceability"
"b47ab109-68f7-4ecd-8ce6-8d45ba137a58","de_Name","Rückverfolgbarkeit der Architektur"
"b47ab109-68f7-4ecd-8ce6-8d45ba137a58","de_Desc","Laut INCOSE Handbuch 4.0 - übersetzt von GfSE:
""Die Rückverfolgbarkeit der Architektur bedeutet immer bidirektionale Nachverfolgbarkeit der Architektureigenschaften."""
"b47ab109-68f7-4ecd-8ce6-8d45ba137a58","en_Desc","Bidirectional traceability of the architecture characteristics"
"b518edaa-3b13-497a-8366-a04ddce25858","en_Name","Candidate risks and opportunities"
"b518edaa-3b13-497a-8366-a04ddce25858","de_Name","mögliche Risiken und Chancen"
"b518edaa-3b13-497a-8366-a04ddce25858","de_Desc","Laut INCOSE Handbuch 4.0 - übersetzt von GfSE:
""Mögliche Risiken und Chancen sind die Risiken sind die Risiken oder Möglichkeiten, die von jedem Stakeholder eingebracht werden können. Sie werden häufig im Rahmen des Prozesses ""Projektbewertung und -steuerung"" erkannt. Risiken bzw. Möglichkeiten können in jedem Lebenszyklusprozess entstehen""."
"b518edaa-3b13-497a-8366-a04ddce25858","en_Desc","Risks and opportunities that arise from any stakeholder. In many cases, risk situations are identified during the project assessment and control process. Can originate from any life cycle process"
"b6edf327-79de-4fbf-b594-ddaad1046ab9","en_Name","Design traceability"
"b6edf327-79de-4fbf-b594-ddaad1046ab9","de_Name","Rückverfolgbarkeit des Entwurfs"
"b6edf327-79de-4fbf-b594-ddaad1046ab9","de_Desc","Laut INCOSE Handbuch 4.0 - übersetzt von GfSE:
""Die Rückverfolgbarkeit des Entwurfs bedeutet immer bidirektionale Nachverfolgbarkeit der Entwurfsmerkmale, Entwurfsmittel und der Anforderungen an die Systemelemente""."
"b6edf327-79de-4fbf-b594-ddaad1046ab9","en_Desc","Bidirectional traceability of the design characteristics, the design enablers, and the system element requirements"
"b727070e-8310-4c55-a6b1-6f27809a0f93","en_Name","Operation constraints"
"b727070e-8310-4c55-a6b1-6f27809a0f93","de_Name","betriebsbedingte Einschränkungen"
"b727070e-8310-4c55-a6b1-6f27809a0f93","de_Desc","Laut INCOSE Handbuch 4.0 - übersetzt von GfSE:
""Die betriebsbedingten Einschränkungen umfassen sämtliche Einschränkungen an das Sysem, die sich aus der Betriebsstrategie ergeben, einschließlich der Kosten, des Zeitrahmens und der technischen Einschränkungen."""
"b727070e-8310-4c55-a6b1-6f27809a0f93","en_Desc","Any constraints on the system arising from the operational strategy including cost, schedule, and technical constraints"
"b7ec08b8-d429-4c48-bca0-751fdfa5accb","en_Name","Candidate configuration items"
"b7ec08b8-d429-4c48-bca0-751fdfa5accb","de_Name","mögliche Konfigurationseinheiten"
"b7ec08b8-d429-4c48-bca0-751fdfa5accb","de_Desc","Laut INCOSE Handbuch 4.0 - übersetzt von GfSE:
""Mögliche Konfigurationseinheiten sind alle Einheiten, die unter Konfigurationskontrolle gestellt werden sollen. Sie können in jedem Lebenszyklusprozess entstehen""."
"b7ec08b8-d429-4c48-bca0-751fdfa5accb","en_Desc","Items for configuration control. Can originate from any life cycle process"
"b9278f5f-b7c8-4d19-b87a-e97ea60d54bb","en_Name","Maintenance procedure"
"b9278f5f-b7c8-4d19-b87a-e97ea60d54bb","de_Name","Wartungsverfahren"
"b9278f5f-b7c8-4d19-b87a-e97ea60d54bb","de_Desc","Laut INCOSE Handbuch 4.0 - übersetzt von GfSE:
""Ein Wartungsverfahren umfasst eine Reihe von Aktivitäten zur Warung eines Systems, die mittels speziellen Techniken und Hilfsmitteln dafür durchgeführt werden""."
"b9278f5f-b7c8-4d19-b87a-e97ea60d54bb","en_Desc","A maintenance procedure that includes a set of maintenance actions, using specific maintenance techniques, performed with specific maintenance enablers"
"b9b7530d-7ec8-4ea3-a0eb-c958a5d3e5f4","en_Name","Quality management evaluation report"
"b9b7530d-7ec8-4ea3-a0eb-c958a5d3e5f4","de_Name","Auswertungsbericht des Qualitätsmanagements"
"b9b7530d-7ec8-4ea3-a0eb-c958a5d3e5f4","de_Desc","Laut INCOSE Handbuch 4.0 - übersetzt von GfSE:
Der Qualitätsmanagement-Auswertungsbericht ist ein für Beteiligte erstellter Bericht um den Stand, die Resultate und die Ergebnisse der Aktivitäten der Qualitätsmanagementauswertung zu kommunizieren.

Er umfasst die Beurteilung der projektbezogenen Prozess- sowie Verbesserungsvorschläge oder notwendigen Korrekturmaßnahmen, sowie Eingaben zur Verbesserungen der Umsetzung vom Lebenszyklusmodellen einer Organisation bereit."
"b9b7530d-7ec8-4ea3-a0eb-c958a5d3e5f4","en_Desc","An account prepared for interested parties in order to communicate evidence of whether the organization’s QM activities are effective. Includes the assessment of all the organizational‐related process and any suggested improvements or necessary corrective actions. Provides constructive input for improvements to an organization’s life cycle model implementation"
"bb4b72cd-cd24-43ea-904e-c01694bc7e86","en_Name","Quality management record"
"bb4b72cd-cd24-43ea-904e-c01694bc7e86","de_Name","Qualitätsmanagementprotokoll"
"bb4b72cd-cd24-43ea-904e-c01694bc7e86","de_Desc","Laut INCOSE Handbuch 4.0 - übersetzt von GfSE:
Ein Qualitätsmanagementprotokoll enthält die lesbaren Aufzeichnungen der Daten, Informationen oder des Wissens bezogen auf das Qualitätsmanagement."
"bb4b72cd-cd24-43ea-904e-c01694bc7e86","en_Desc","Permanent, readable form of data, information, or knowledge related to QM"
"bb76cbad-b960-4e95-b8c8-b5a67c5dbf85","en_Name","Project infrastructure"
"bb76cbad-b960-4e95-b8c8-b5a67c5dbf85","de_Name","Projektinfrastruktur"
"bb76cbad-b960-4e95-b8c8-b5a67c5dbf85","de_Desc","Laut INCOSE Handbuch 4.0 - übersetzt von GfSE:
Die Projektinfrastruktur umfasst alle Ressourcen und Dienstleistungen, die ein Projekt unterstützen. Dazu zählen: Einrichtungen auf Projektebene, Personal und Ressourcen für die Produktion, die Software-Entwicklung, die System-Umsetzung und die Integration, Verifikation, Validierung usw."
"bb76cbad-b960-4e95-b8c8-b5a67c5dbf85","en_Desc","Resources and services that support a project. Project‐level facilities, personnel, and resources for hardware fabrication, software development, system implementation and integration, verification, validation, etc."
"bd4606a1-70de-4e1f-89f2-d25e897552cc","en_Name","Strategy documents"
"bd4606a1-70de-4e1f-89f2-d25e897552cc","de_Name","Strategiedokumente"
"bd4606a1-70de-4e1f-89f2-d25e897552cc","de_Desc","Laut INCOSE Handbuch 4.0 - übersetzt von GfSE:
""Strategiedokumente umfassen die Strategien für alle anwendbaren Lebenszyklusvorgänge, einschließlich der Strategien zur Geschäfts- oder Auftragsanalyse, zur Stakeholderbedarfs- und Stakeholderanforderungsermittlung, zur Definition der Systemanforderungen, zur Architekturdefinition, zur Entwurfsgestaltung, zur Systemanalyse, zur Umsetzung, zur Integration, zur Verifikation, zur Übergabe, zur Validierung, zum Betrieb, zur Instandhaltung, zur Entsorgung, zur Projektbewertung und -kontrolle, zum Entscheidungsmanagement, zum Risikomanagement, zum Konfigurationsmanagement, zum Datenmanagement, zur Messung, zur Beschaffung und zur Zulieferung""."
"bd4606a1-70de-4e1f-89f2-d25e897552cc","en_Desc","Strategies for all applicable life processes, including business or mission analysis strategy, stakeholder needs and requirements definition strategy, system requirements definition strategy, architecture definition strategy, design definition strategy, system analysis strategy, implementation strategy, integration strategy, verification strategy, transition strategy, validation strategy, operation strategy, maintenance strategy, disposal strategy, project assessment and control strategy, decision management strategy, risk management strategy, configuration management strategy, information management strategy, measurement strategy, acquisition strategy, and supply strategy"
"bf301e45-8646-4edb-a137-b7d687ba969c","en_Name","Risk report"
"bf301e45-8646-4edb-a137-b7d687ba969c","de_Name","Risikobericht"
"bf301e45-8646-4edb-a137-b7d687ba969c","de_Desc","Laut INCOSE Handbuch 4.0 - übersetzt von GfSE:
""Der Risikobericht ist in für Beteiligte erstellter Bericht um den Stand, die Resultate und Ergebnisse der Risikomanagementaktivitäten zu kommunizieren.
Darin sind die Risiken dokumentiert und mit Begründungen, Annahmen, Ma0nahmen sowie dem aktuellen Stand kommuniziert. Für ausgewählte Risiken wird ein Maßnahmenplan erstellt, um das Projektteam anzuweisen, den Projektplan zu aktualisieren und passend auf die Risiken zu reagieren. Gegebenenfalls werden Änderungsanträge erstellt, um technische Risiken zu mindern. Risikoprofile bzw. Risikomatrizen fassen die Risiken zusammen und enthalten die Ergebnisse des Risikomanagementprozesses""."
"bf301e45-8646-4edb-a137-b7d687ba969c","en_Desc","An account prepared for interested parties in order to communicate the status, results, and outcomes of the risk management activities. The risks are documented and communicated along with rationale, assumptions, treatment plans, and current status. For selected risks, an action plan is produced to direct the project team to update the project plan and properly respond to the risks. If appropriate, change requests are generated to mitigate technical risk. Risk profiles and/or risk matrices summarize the risks and contain the findings of the risk management process"
"c0e1d3e2-e427-4617-bfb8-7960e6d676dd","en_Name","Project constraints"
"c0e1d3e2-e427-4617-bfb8-7960e6d676dd","de_Name","projektbedingte Einschränkungen"
"c0e1d3e2-e427-4617-bfb8-7960e6d676dd","de_Desc","Laut INCOSE Handbuch 4.0 - übersetzt von GfSE:
""Die projektbedingten Einschränkungen umfassen sämtliche Einschränkungen an das System, die sich aus der Strategie des technischen Managements sowie Kosten, Zeitrahmen und technischen Einschränkungen ergeben""."
"c0e1d3e2-e427-4617-bfb8-7960e6d676dd","en_Desc","Any constraints on the system arising from the technical management strategy including cost, schedule, and technical constraints"
"c260cd18-3810-490b-a6ba-afd78fa2e9fc","en_Name","System architecture description"
"c260cd18-3810-490b-a6ba-afd78fa2e9fc","de_Name","Beschreibung der Systemarchitektur"
"c260cd18-3810-490b-a6ba-afd78fa2e9fc","de_Desc","Laut INCOSE Handbuch 4.0 - übersetzt von GfSE:
""Die Beschreibung der Systemarchitektur ist eine Darstellung der ausgewählten Systemarchitektur. Sie umfasst in der Regel einen katalog architektonischer Sichten (z. B. Sichten aus Architektur-Rahmenwerken), Modelle (z. B. logische und physische Modelle, sowie andere Arten von Modellen, die nützlich sein könnten) und architektonischen Besonderheiten (z. B. Abmessungen, Wiederstandfähigkeit gegenüber Umwelteinflüssen, Ausführungseffizienz, Bedienbarkeit, Zuverlässigkeit, Wartbarkeit, Modularität, Robustheit, Sicherungs- und Schutzmaßnahmen, Verständlichkeit) (ISO/IEC/IEEE 42010, 2010). Die architektonisch bedeutenden Systemelemente sind in der Beschreibung der Systemarchitektur enthalten und bis zu einem gewissen Detaillierungsgrad beschrieben. (Weitere Systemelemente müssen möglicherweise während des Entwurfsprozesses ergänzt werden, wenn der Entwurf weiter ausgearbeitet wird)."""
"c260cd18-3810-490b-a6ba-afd78fa2e9fc","en_Desc","Description of the selected system architecture, typically presented in a set of architectural views (e.g., views from architecture frameworks), models (e.g., logical and physical models, although there are other kinds of models that might be useful), and architectural characteristics (e.g., physical dimensions, environment resistance, execution efficiency, operability, reliability, maintainability, modularity, robustness, safeguard, understandability, etc.) (ISO/IEC/IEEE 42010, 2010). Architecturally significant system elements are identified and defined to some degree in this artifact. (Other system elements might need to be added during the design definition process as the design is fleshed out)"
"c61a1a8e-0c39-4890-a97a-7ee7369726fa","en_Name","Risk management strategy"
"c61a1a8e-0c39-4890-a97a-7ee7369726fa","de_Name","Risikomanagementstrategie"
"c61a1a8e-0c39-4890-a97a-7ee7369726fa","de_Desc","Laut INCOSE Handbuch 4.0 - übersetzt von GfSE:
""Die Risikomanagementstrategie umfasst die Vorgehensweisen, Zeitpläne, Ressourcen und konkrete Überlegungen, um das Risikomanagement im Rahmen eines Projekts durchzuführen""."
"c61a1a8e-0c39-4890-a97a-7ee7369726fa","en_Desc","Approaches, schedules, resources, and specific considerations required to perform risk management for a project"
"c6af653a-cd59-4bd5-967d-0f788c23a91b","en_Name","Preliminary life cycle concepts"
"c6af653a-cd59-4bd5-967d-0f788c23a91b","en_Desc","Preliminary articulation of the various life cycle concepts consistent with the business needs in the form of life cycle concept documents on which the system of interest is based, assessed, and selected. The architecture is based on these concepts, and they are essential in providing context for proper interpretation of the system requirements. Typical concepts include: Acquisition concept, Deployment concept, OpsCon, Support concept, Retirement concept"
"c6af653a-cd59-4bd5-967d-0f788c23a91b","de_Name","vorläufige Lebenszykluskonzepte"
"c6af653a-cd59-4bd5-967d-0f788c23a91b","de_Desc","Laut INCOSE Handbuch 4.0 - übersetzt von GfSE:
""Die vorläufigen Lebenszykluskonzepte umfassen die provisorische Beschreibung der verschiedenen Lebenszykluskonzepte im Einklang mit den Geschäftsbedarfen in Form von Konzeptdokumenten zum Lebenszyklus, auf dem das Zielsystem basiert, bewertet und ausgewählt wird. Die Architektur beruht auf diesen Konzepten und sie sind von wesentlicher Bedeutung bei der Bereitstellung des Kontextes für die richtige Interpretation der Systemanforderungen. Die Konzepte beinhalten typischerweise:
- Beschaffungskonzpet,
- Bereitstellungskonzept,
- Betriebskonzept (OpsCon),
- Instandhaltungskonzept und
- Stillegungskonzept""."
"c6c91975-41d7-471d-bf9c-5ac52a966d7f","en_Name","Operator/maintainer training material"
"c6c91975-41d7-471d-bf9c-5ac52a966d7f","de_Name","Schulungsmaterial für Betreiber bzw. Instandhalter"
"c6c91975-41d7-471d-bf9c-5ac52a966d7f","de_Desc","Laut INCOSE Handbuch 4.0 - übersetzt von GfSE:
""Das Schulungsmaterial für Betreiber bzw. Instandhalter umfasst alle Einrichtungen und Dokumentationen zu Schulungen""."
"c6c91975-41d7-471d-bf9c-5ac52a966d7f","en_Desc","Training capabilities and documentation"
"c8cb1658-d56d-40e6-96bf-8c2eddc6d6db","en_Name","MOP data"
"c8cb1658-d56d-40e6-96bf-8c2eddc6d6db","de_Name","Leistungsmessdaten"
"c8cb1658-d56d-40e6-96bf-8c2eddc6d6db","de_Desc","Laut INCOSE Handbuch 4.0 - übersetzt von GfSE:
""Die Leistungsmessdaten sind die für die identifizierten Messbedarfe bereitgestellten Daten""."
"c8cb1658-d56d-40e6-96bf-8c2eddc6d6db","en_Desc","Data provided for the identified measurement needs"
"c97c3a53-8622-4a96-bbf6-58c2014f22c4","en_Name","TPM needs"
"c97c3a53-8622-4a96-bbf6-58c2014f22c4","de_Name","Bedarf an Messung der technischen Leistungskennzahlen"
"c97c3a53-8622-4a96-bbf6-58c2014f22c4","de_Desc","Laut INCOSE Handbuch 4.0 - übersetzt von GfSE:
""Die Bedarfe an der Messung von technischen Leistungskennzahlen (Technical Performance Measures, TPM) dienen dazu, die TPM zu ermitteln, die die Attribute eines System-Elements messen, um zu bestimmen, wie gut ein System oder Systemelement eine technische Anforderung oder ein Ziel erfüllt oder der entsprechenden Erwartung gerecht wird."""
"c97c3a53-8622-4a96-bbf6-58c2014f22c4","en_Desc","Identification of the TPM, which measure attributes of a system element to determine how well a system or system element is satisfying or expected to satisfy a technical requirement or goal"
"ca733799-24ee-457f-9a7a-8ea0e5fc83e6","en_Name","System element description"
"ca733799-24ee-457f-9a7a-8ea0e5fc83e6","de_Name","Beschreibungen der Systemelemente"
"ca733799-24ee-457f-9a7a-8ea0e5fc83e6","de_Desc","Laut INCOSE Handbuch 4.0 - übersetzt von GfSE:
""Die Beschreibungen der Systemelemente umfassen die Darstellung der Entwurfsmerkmale der im System enthaltenen Systemelemente. Der Umfang der Beschreibung ist abhängig von der Realisierungstechnologie (z. B. Datenblätter, Datenbanken, Dokumente, exportierte Dateien)"""
"ca733799-24ee-457f-9a7a-8ea0e5fc83e6","en_Desc","Design characteristics description of the system elements contained in the system; the description depends on the implementation technology (e.g., data sheets, databases, documents, exportable data files)"
"cbaae451-a92e-4a0f-8983-dc3972b0977d","en_Name","Major stakeholder identification"
"cbaae451-a92e-4a0f-8983-dc3972b0977d","de_Name","Identifikation der Haupt-Stakeholder"
"cbaae451-a92e-4a0f-8983-dc3972b0977d","de_Desc","Laut INCOSE Handbuch 4.0 - übersetzt von GfSE:
""Die Identifikation der Haupt-Stakeholder umfasst eine Liste der berechtigten externen und internen Stakeholder, die ein Interesse an dem System haben. Wichtige Stakeholder können auch aus dem Vorgehenskonzept (ConOps) abgeleitet werden""."
"cbaae451-a92e-4a0f-8983-dc3972b0977d","en_Desc","List of legitimate external and internal stakeholders with an interest in the solution. Major stakeholders are also derived from analysis of the ConOps"
"cca11f71-f9e3-45f0-8352-7656cd0a581c","en_Name","System requirements definition strategy"
"cca11f71-f9e3-45f0-8352-7656cd0a581c","de_Name","Strategie zur Definition der Systemanforderungen"
"cca11f71-f9e3-45f0-8352-7656cd0a581c","de_Desc","Laut INCOSE Handbuch 4.0 - übersetzt von GfSE:
""Die Strategie zur Definition der Systemanforderungen umfasst die Vorgehensweisen, Zeitpläne,  Ressourcen und konkrete Überlegungen, um die Systemanforderungen zu erfassen, festzulegen und über den gesamten Lebenszyklus hinweg zu verwalten""."
"cca11f71-f9e3-45f0-8352-7656cd0a581c","en_Desc","Approaches, techniques, resources, and specific considerations required to be used to identify and define the system requirements and manage the requirements through the life cycle"
"cf5748d8-90de-4c5d-9085-3f81f0d4a426","en_Name","Integration record"
"cf5748d8-90de-4c5d-9085-3f81f0d4a426","de_Name","Integrationsprotokoll"
"cf5748d8-90de-4c5d-9085-3f81f0d4a426","de_Desc","Laut INCOSE Handbuch 4.0 - übersetzt von GfSE:
""Ein Integrationsprotokoll enthält die lesbaren Aufzeichnungen der Daten, Informationen oder des Wissens bezogen auf die Integration""."
"cf5748d8-90de-4c5d-9085-3f81f0d4a426","en_Desc","Permanent, readable form of data, information, or knowledge related to integration"
"d50512c9-df85-4cd8-9dd8-f7e33c4f0728","en_Name","Implementation traceability"
"d50512c9-df85-4cd8-9dd8-f7e33c4f0728","de_Name","Rückverfolgbarkeit der Umsetzung"
"d50512c9-df85-4cd8-9dd8-f7e33c4f0728","de_Desc","Laut INCOSE Handbuch 4.0 - übersetzt von GfSE:
""Die Rückverfolgbarkeit der Umsetzung umfasst die bidirektionale Rückverfolgbarkeit der Ergebnisse der Umsetzung""."
"d50512c9-df85-4cd8-9dd8-f7e33c4f0728","en_Desc","Bidirectional traceability of the system elements"
"d530c08e-86c5-4ed4-9493-8d1f6a253e42","en_Name","Supply payment"
"d530c08e-86c5-4ed4-9493-8d1f6a253e42","de_Name","Bezahlung der Lieferung"
"d530c08e-86c5-4ed4-9493-8d1f6a253e42","de_Desc","Laut INCOSE Handbuch 4.0 - übersetzt von GfSE:
Die Bezahlung der Lieferung umfasst alle Zahlungen oder andere Entschädigungen für das gelieferte System. Sie beinhaltet sowohl das Entgegennahme, als auch die Bestätigung der Bezahlung."
"d530c08e-86c5-4ed4-9493-8d1f6a253e42","en_Desc","Payments or other compensations for the supplied system. Includes receipt and acknowledgement"
"d645af10-125b-4f07-b2cf-a498718c56e4","en_Name","MOE data"
"d645af10-125b-4f07-b2cf-a498718c56e4","de_Name","Wirksamkeitsmessdaten"
"d645af10-125b-4f07-b2cf-a498718c56e4","de_Desc","Laut INCOSE Handbuch 4.0 - übersetzt von GfSE:
""Die Wirksamkeitsmessdaten sind die für die identifizierten Messbedarfe bereitgestellten Daten""."
"d645af10-125b-4f07-b2cf-a498718c56e4","en_Desc","Data provided for the identified measurement needs"
"d799ed49-121c-489d-b3bb-e4b8df04ac13","en_Name","Verification criteria"
"d799ed49-121c-489d-b3bb-e4b8df04ac13","de_Name","Verifikationskriterien"
"d799ed49-121c-489d-b3bb-e4b8df04ac13","de_Desc","Laut INCOSE Handbuch 4.0 - übersetzt von GfSE:
""Die Verifikationskriterien (zu untersuchende Kennzahlen) umfassen Verifikationsaktivitäten und auch das Verifikationsumfeld des Zielsystems""."
"d799ed49-121c-489d-b3bb-e4b8df04ac13","en_Desc","The verification criteria (the measures to be assessed), who will perform verification activities, and the verification environments of the system of interest"
"d7c82732-b133-4ca7-967a-98aa0a8fb295","en_Name","Implementation record"
"d7c82732-b133-4ca7-967a-98aa0a8fb295","de_Name","Umsetzungsprotokoll"
"d7c82732-b133-4ca7-967a-98aa0a8fb295","de_Desc","Laut INCOSE Handbuch 4.0 - übersetzt von GfSE:
""Das Umsetzungsprotokoll enthält die lesbaren Aufzeichnungen der Daten, Informationen oder des Wissens bezogen auf die Umsetzung""."
"d7c82732-b133-4ca7-967a-98aa0a8fb295","en_Desc","Permanent, readable form of data, information, or knowledge related to implementation"
"d83c0f33-aaf5-4429-ac4a-5450c4d72a52","en_Name","MOP needs"
"d83c0f33-aaf5-4429-ac4a-5450c4d72a52","de_Name","Bedarf an Leistungsmessungen (!!!)"
"d83c0f33-aaf5-4429-ac4a-5450c4d72a52","de_Desc","Laut INCOSE Handbuch 4.0 - übersetzt von GfSE:
""Der Bedarf an Leistungsmessungen umfasst die Leistungskennzahlen (MOPs) (Roedler und Jones, 2006), die die wichtigsten Leistungsmerkmale des Systems definieren, sobald es in seiner vorgesehenen Betriebsumgebung ist und verwendet wird."""
"d83c0f33-aaf5-4429-ac4a-5450c4d72a52","en_Desc","Identification of the MOPs (Roedler and Jones, 2006), which define the key performance characteristics the system should have when fielded and operated in its intended operating environment"
"da9d42fb-c94a-4db4-95b8-50457cdb81e4","en_Name","Project status report"
"da9d42fb-c94a-4db4-95b8-50457cdb81e4","de_Name","Projektstatusbericht"
"da9d42fb-c94a-4db4-95b8-50457cdb81e4","de_Desc","Laut INCOSE Handbuch 4.0 - übersetzt von GfSE:
""Der Projektstatusbericht ist ein für Beteiligte erstellter Bericht um den Stand, die Resultate und Ergebnisse der Projektaktivitäten zu kommunizieren.
Er enthält den Projektstatus bezüglich der Erfüllung der Projektziele, Informationen über die ""Gesundheit"" und den Reifegrad des Projekts, den Zuschnitt und die Durchführung des Projekts sowie die Verfügbarkeit und Wirksamkeit des Personals des Projekts""."
"da9d42fb-c94a-4db4-95b8-50457cdb81e4","en_Desc","An account prepared for interested parties in order to communicate the status, results, and outcomes of the overall project activities. Includes status on meeting the objectives set out for the project, information on the health and maturity of the project work effort, status on project tailoring and execution, and status on personnel availability and effectiveness for the project"
"dc79d9f2-b1ed-4277-9ec6-f0048c4c3921","en_Name","Protokoll der Geschäfts- oder Auftragsanalyse"
"dc79d9f2-b1ed-4277-9ec6-f0048c4c3921","de_Name","Business or mission analysis record"
"dc79d9f2-b1ed-4277-9ec6-f0048c4c3921","de_Desc","Laut INCOSE Handbuch 4.0 - übersetzt von GfSE:
""Ein Protokoll der Geschäfts- oder Auftragsanalyse enthält die lesbaren Aufzeichnungen der Daten, Informationen oder des Wissens bezogen auf die Geschäfts- und Auftragsanalyse""."
"dc79d9f2-b1ed-4277-9ec6-f0048c4c3921","en_Desc","Permanent, readable form of data, information, or knowledge relted to business or mission analysis"
"dc9bf07b-fc5f-4926-acae-ed53f0264ded","en_Name","Life cycle constraints"
"dc9bf07b-fc5f-4926-acae-ed53f0264ded","de_Name","Lebenszyklusbedingte Einschränkungen"
"dc9bf07b-fc5f-4926-acae-ed53f0264ded","de_Desc","Laut INCOSE Handbuch 4.0 - übersetzt von GfSE:
""Die lebenszyklusbedingten Einschränkungen umfassen Einschränkungen aus allen Lebenszyklusprozessen: umstzungsbedingte, integrationsbedingte, übergabebedingte, betriebsbedingte, wartungsbedingte und entsorgungsbedingte Einschränkungen sowie Einschränkungen aufgrund von Verifikation und Validierung""."
"dc9bf07b-fc5f-4926-acae-ed53f0264ded","en_Desc","Constraints from all applicable life cycle processes, including implementation constraints, integration constraints, verification constraints, transition constraints, validation constraints, operation constraints, maintenance constraints, and disposal constraints"
"ddfd9715-6ec8-481d-a736-b97a58cc707f","en_Name","Measurement strategy"
"ddfd9715-6ec8-481d-a736-b97a58cc707f","de_Name","Messstrategie"
"ddfd9715-6ec8-481d-a736-b97a58cc707f","de_Desc","Laut INCOSE Handbuch 4.0 - übersetzt von GfSE:
""Die Messstrategie umfasst die Vorgehensweisen, Zeitpläne, Ressourcen und konkreten Überlegungen, um Messungen im Rahmen eines Projekts durchführen zu können. Die Messstrategie befasst sich mit dem Ansatz, wie eine Messung durchgeführt wird: sie beschreibt die Zielsetzung der Messung, identifiziert Infortmationsbedarfe und anwendbare Kennzahlen und legt Leistungs- und Auswertungsmethodiken fest""."
"ddfd9715-6ec8-481d-a736-b97a58cc707f","en_Desc","Approaches, schedules, resources, and specific considerations required to perform measurement for a project. Addresses the strategy for performing measurement: describing measurement goals, identifying information needs and applicable measures, and defining performance and evaluation methodologies"
"df0fca67-d83d-4612-8d24-f441ad59b7b5","en_Name","Knowledge management report"
"df0fca67-d83d-4612-8d24-f441ad59b7b5","de_Name","Wissensmanagementbericht"
"df0fca67-d83d-4612-8d24-f441ad59b7b5","de_Desc","Laut INCOSE Handbuch 4.0 - übersetzt von GfSE:
Der Wissensmanagementbericht ist ein für Beteiligte erstellter Bericht um den Stand, die Resultate und Ergebnisse der Wissensmanagementaktivitäten zu kommunizieren."
"df0fca67-d83d-4612-8d24-f441ad59b7b5","en_Desc","An account prepared for interested parties in order to communicate the status, results, and outcomes of the knowledge management activities"
"df3d31fd-b3cb-4007-9ca1-354133b061d4","en_Name","Supply strategy"
"df3d31fd-b3cb-4007-9ca1-354133b061d4","de_Name","Zulieferungsstrategie"
"df3d31fd-b3cb-4007-9ca1-354133b061d4","de_Desc","Laut INCOSE Handbuch 4.0 - übersetzt von GfSE:
Die Zulieferungsstrategie umfasst die Vorgehensweisen, Zeitpläne, Ressourcen und konkrete Überlegungen, um Projekte zu identifizieren, die möglicherweise Steuerung benötigen. Kann auch Eingaben beinhalten, um lieferungsbedingte Einschränkungen festzulegen. Sollte auch die Identifikation von möglichen Kunden beinhalten."
"df3d31fd-b3cb-4007-9ca1-354133b061d4","en_Desc","Approaches, schedules, resources, and specific considerations required to identify candidate projects for management consideration. May also include inputs to determine supply constraints. Should also include the identification of potential acquirers"
"e0ab33e6-d80a-46b2-90b9-7fc0806d30f7","en_Name","Reports"
"e0ab33e6-d80a-46b2-90b9-7fc0806d30f7","de_Name","Berichte"
"e0ab33e6-d80a-46b2-90b9-7fc0806d30f7","de_Desc","Laut INCOSE Handbuch 4.0 - übersetzt von GfSE:
""Berichte sind Darstellungen aus allen anwendbaren Lebenszyklusprozessen. Sie umfassen Berichte zu System-Analyse, Umsetzung, Integration, Verifikation, Übergaben, Validierung, Betrieb, Wartung, Entsorgung, Entscheidungen, Risiken, Konfigurationsmanagement, Informationsmanagement, Messungen, Qualitätssicherung, Beschaffungen, Zulieferungen. (Informationen zu anderen Berichten und werden nicht hier aufgeführt)""."
"e0ab33e6-d80a-46b2-90b9-7fc0806d30f7","en_Desc","Project reports from all applicable life cycle processes, including system analysis report, implementation report, integration report, verification report, transition report, validation report, operation report, maintenance report, disposal report, decision report, risk report, configuration management report, information management report, measurement report, quality assurance report, acquisition report, and supply report (other reports go to other process areas and are not aggregated here)"
"e11ffa3b-e954-4c66-8085-4428032b5b0d","en_Name","Measurement repository"
"e11ffa3b-e954-4c66-8085-4428032b5b0d","de_Name","Messdatenablage"
"e11ffa3b-e954-4c66-8085-4428032b5b0d","de_Desc","Laut INCOSE Handbuch 4.0 - übersetzt von GfSE:
""Die Messdatenablage ist eine zentrale Datenablage, die die rechtzeitige, vollständige, valide - und falls erforderlich - zugriffsbeschränkte Verwendung und Verteilung aller projektrelevanten Messdaten unterstützt""."
"e11ffa3b-e954-4c66-8085-4428032b5b0d","en_Desc","A repository that supports the availability for use and communication of all relevant measures in a timely, complete, valid, and, if required, confidential manner"
"e22f055a-9433-4ee7-ae89-ecf17e132e79","en_Name","Organization strategic plan"
"e22f055a-9433-4ee7-ae89-ecf17e132e79","de_Name","Strategieplan der Organisation"
"e22f055a-9433-4ee7-ae89-ecf17e132e79","de_Desc","Laut INCOSE Handbuch 4.0 - übersetzt von GfSE:
""Der Strategieplan der Organisation beinhaltet die übergeordnete Unternehmensstrategie einschließlich des Geschäftsauftrags und der Geschäftsvision sowie strategische Ziele und Zielvorgaben""."
"e22f055a-9433-4ee7-ae89-ecf17e132e79","en_Desc","The overall organization strategy, including the business mission or vision and strategic goals and objectives"
"e3948655-b140-409e-ae79-bafb235f620c","en_Name","Operation report"
"e3948655-b140-409e-ae79-bafb235f620c","de_Name","Betriebsbericht"
"e3948655-b140-409e-ae79-bafb235f620c","de_Desc","Laut INCOSE Handbuch 4.0 - übersetzt von GfSE:
""Der Betriebsbericht ist ein für Beteiligte erstellter Bericht um den Stand, die Resultate und Ergebnisse der Betriebsaktivitäten zu kommunizieren."""
"e3948655-b140-409e-ae79-bafb235f620c","en_Desc","An account prepared for interested parties in order to communicate the status, results, and outcomes of the operation activities"
"e5d881ec-b634-4ef2-b89e-37227a395bf0","en_Name","Business or mission analysis strategy"
"e5d881ec-b634-4ef2-b89e-37227a395bf0","de_Name","Strategie der Geschäfts- oder Auftragsanalyse"
"e5d881ec-b634-4ef2-b89e-37227a395bf0","de_Desc","Laut INCOSE Handbuch 4.0 - übersetzt von GfSE:
""Die Strategie der Geschäfts- oder Auftragsanalyse umfasst die Vorgehensweisen, Zeitpläne, Ressourcen und konkreten Überlegungen, um die Geschäfts- oder Auftragsanalyse durchzuführen und um sischerzustellen, dass die Geschäftsbedarfe ausgearbeitet und in Form von Geschäftsanforderungen vorliegen""."
"e5d881ec-b634-4ef2-b89e-37227a395bf0","en_Desc","Approaches, schedules, resources, and specific considerations required to conduct business or mission analysis and ensure business needs are elaborated and formalized into business requirements"
"e602b299-519f-48e5-a0be-777bea2bc9aa","en_Name","Verification enabling system requirements"
"e602b299-519f-48e5-a0be-777bea2bc9aa","de_Name","Anforderungen an die verifikationsunterstützenden Systeme"
"e602b299-519f-48e5-a0be-777bea2bc9aa","de_Desc","Laut INCOSE Handbuch 4.0 - übersetzt von GfSE:
""Die Anforderungen an die verifikationsunterstützenden Systeme umfassen die Anforderungen an alle Systeme, die die Verifikation des Zielsystems ermöglichen."""
"e602b299-519f-48e5-a0be-777bea2bc9aa","en_Desc","Requirements for any systems needed to enable verification of the system of interest"
"e65566b5-1d74-4440-91e1-bbbffae5fd4b","en_Name","Life cycle concepts"
"e65566b5-1d74-4440-91e1-bbbffae5fd4b","de_Name","Lebenszykluskonzepte"
"e65566b5-1d74-4440-91e1-bbbffae5fd4b","de_Desc","Laut INCOSE Handbuch 4.0 - übersetzt von GfSE:
""Die Lebenszykluskonzepte umfassen die Beschreibung und Verfeinerung der verschiedenen Lebenszykluskonzepte im Einklang mit den Geschäftsbedarfen in Form von Dokumenten zum Lebenszykluskonzept, auf dem das Zielsystem basiert, es bewertet und ausgewählt wird.
Die Architektur basiert auf diesen Lebenszykluskonzepten und sie sind von wesentlicher Bedeutung bei der Bereitstellung des Konzepts für die richtige Interpretation der Systemanforderungen.
Typische Lebenszykluskonzepte beinhaltet:
- Beschaffungskonzept,
- Bereitstellungskonzept,
- Betriebskonzept (OpsCon),
- Instandhaltungskonzept und
- Stillegungskonzept""."
"e65566b5-1d74-4440-91e1-bbbffae5fd4b","en_Desc","Articulation and refinement of the various life cycle concepts consistent with the business needs in the form of life cycle concept documents on which the system of interest is based, assessed, and selected. The architecture is based on these concepts, and they are essential in providing context for proper interpretation of the system requirements. Typical concepts include:
• Acquisition concept
• Deployment concept
• Operational concept (OpsCon)
• Support concept
• Retirement concept"
"ea203d98-af14-445a-b44a-3471e0c88710","en_Name","Infrastructure management plan"
"ea203d98-af14-445a-b44a-3471e0c88710","de_Name","Infrastrukturmanagementplan"
"ea203d98-af14-445a-b44a-3471e0c88710","de_Desc","Laut INCOSE Handbuch 4.0 - übersetzt von GfSE:
Der Infrastrukturmanagement-Plan enthält die lesbaren Aufzeichnungen der Daten, Informatonen oder des Wissens bezogen auf das Infrastrukturmanagement."
"ea203d98-af14-445a-b44a-3471e0c88710","en_Desc","Approaches, schedules, resources, and specific considerations required to define and sustain the organizational and project infrastructures"
"ea42b17f-bb35-41c5-ad4b-694c45ea69ec","en_Name","Transition record"
"ea42b17f-bb35-41c5-ad4b-694c45ea69ec","de_Name","Übergabeprotokoll"
"ea42b17f-bb35-41c5-ad4b-694c45ea69ec","de_Desc","Laut INCOSE Handbuch 4.0 - übersetzt von GfSE:
""Ein Übergabeprotokoll enthält die lesbaren Aufzeichnungen der Daten, Informationen und des Wissens bezogen auf die Übergabe""."
"ea42b17f-bb35-41c5-ad4b-694c45ea69ec","en_Desc","Permanent, readable form of data, information, or knowledge related to transition"
"ea62060e-6178-4c22-acfe-b525988686af","en_Name","Work Breakdown Structure, WBS"
"ea62060e-6178-4c22-acfe-b525988686af","de_Name","Projektstrukturplan (Work Breakdown Structure, WBS)"
"ea62060e-6178-4c22-acfe-b525988686af","de_Desc","Laut INCOSE Handbuch 4.0 - übersetzt von GfSE:
""Ein Projektstrukturplan umfasst die Zerlegung eines Projekts in kleinere Bestandteile und bietet den notwendigen Rahmen für eine detaillierte Kostenschätzung und -steuerung. Er enthält auch einen Datenkatalog (data dictionary).
Die Kosten für und die Beschreibung des physischen Produkts (Hardware und Software) kann in einem Produktstrukturplan (Produkt Breakdown Strukture, PBS) beschrieben werden. Dieser unterstützt ""bottom-up"" und algorithmische (parametrische) Kostenschätzung (siehe Kapitel 10.1.3). Ein Produktstrukturplan ist ein zentraler Bestandteil kommerzieller Software-Werkzeuge zur Kostenschätzung""."
"ea62060e-6178-4c22-acfe-b525988686af","en_Desc","The work breakdown structure is the decomposition of a project into smaller components and provides the necessary framework for detailed cost estimating and control. Includes a data dictionary. The costs for and description of the physical end products (hardware and software) may be captured in a product breakdown structure (PBS). The PBS supports bottoms up and algorithmic (parametric) cost estimating (see 10.1.3). The PBS is a key ingredient of commercial cost estimating tools"
"eb2c85b6-3ac7-4346-8c02-25be2b6a561c","en_Name","Analysis situations"
"eb2c85b6-3ac7-4346-8c02-25be2b6a561c","de_Name","Analysekontext"
"eb2c85b6-3ac7-4346-8c02-25be2b6a561c","de_Desc","Laut INCOSE Handbuch 4.0 - übersetzt von GfSE:
""Der Analysekontext umfasst die Kontextinformationen für die Analyse, einschließlich der Lebenszyklusphase, Bewertungstreiber, Kostentreiber, Größentreiber, Teameigenschaften, Projektprioritäten und weiterer kennzeicnender Informationen und Parameter, die zum Verständnis der Analyse notwendig sind und die das zu analysierende Element beschreiben. Relevante Informationen aus dem Prozess, der die Analyse anstößt. Alle bereits vorhandenen Modelle zu dem Element, das analysiert werden soll. Sämtliche Daten über das Element, das analysiert werden soll, darunter auch Daten aus dem vergangenen, derzeitigen und anstehenden Projekten. Die Kontextinformationen können aus jeder Lebenszyklusphase herrühren."""
"eb2c85b6-3ac7-4346-8c02-25be2b6a561c","en_Desc","The context information for the analysis including life cycle stage, evaluation drivers, cost drivers, size drivers, team characteristics, project priorities, or other characterization information and parameters that are needed to understand analysis and represent the element being analyzed. Relevant information from the process that invokes the analysis. Any existing models related to the element being analyzed. Any data related to the element being analyzed, including historical, current, and projected data. Can originate from any life cycle process"
"ebd0e90c-ec92-4125-a1ac-3f1b8cd278d7","en_Name","Quality management report"
"ebd0e90c-ec92-4125-a1ac-3f1b8cd278d7","de_Name","Qualitätsmanagementbericht"
"ebd0e90c-ec92-4125-a1ac-3f1b8cd278d7","de_Desc","Laut INCOSE Handbuch 4.0 - übersetzt von GfSE:
""Der Qualitätsmanagementbericht ist ein für Beteiligte erstellter Bericht um den Stand, die Resultate und Ergebnisse der Qualitätsmanagementaktivitäten zu kommunizieren.
Er umfasst die Ergebnisse von Kundenzufriedenheitsbefragungen sowie jegliche Probleme, die behoben werden müssen""."
"ebd0e90c-ec92-4125-a1ac-3f1b8cd278d7","en_Desc","An account prepared for interested parties in order to communicate the status, results, and outcomes of the QM activities. Includes the results of any customer satisfaction surveys and any issues that need to be addressed"
"edb1c36b-e188-4c80-ab5f-75bd4a90ed70","en_Name","Disposal procedure"
"edb1c36b-e188-4c80-ab5f-75bd4a90ed70","de_Name","Entsorgungsverfahren"
"edb1c36b-e188-4c80-ab5f-75bd4a90ed70","de_Desc","Laut INCOSE Handbuch 4.0 - übersetzt von GfSE:
""Ein Entsorgungsverfahren umfasst eine Reihe von Aktivitäten zur Entsorgung eines Systems, die mittels spezieller Techniken und Hilfsmitteln dafür durchgeführt werden""."
"edb1c36b-e188-4c80-ab5f-75bd4a90ed70","en_Desc","A disposal procedure that includes a set of disposal actions, using specific disposal techniques, performed with specific disposal enablers"
"ee2cb03b-f153-478c-a52b-cb13a8aa68ba","en_Name","Integrated system or system elements"
"ee2cb03b-f153-478c-a52b-cb13a8aa68ba","de_Name","integriertes System oder Systemelement"
"ee2cb03b-f153-478c-a52b-cb13a8aa68ba","de_Desc","Laut INCOSE Handbuch 4.0 - übersetzt von GfSE:
""Ein integriertes System oder Systemelement ist ein für die Verifikation bereitstehendes, integriertes Systemelement oder System, bzw. das Ergebnis des Zusammenbaus der Systemelemente""."
"ee2cb03b-f153-478c-a52b-cb13a8aa68ba","en_Desc","Integrated system element or system ready for verification. The resulting aggregation of assembled system elements"
"eec355d4-31d2-4c91-baf6-cfd736680964","en_Name","Validation enabling system requirements"
"eec355d4-31d2-4c91-baf6-cfd736680964","de_Name","Anforderungen an die validierungsunterstützenden Systeme"
"eec355d4-31d2-4c91-baf6-cfd736680964","de_Desc","Laut INCOSE Handbuch 4.0 - übersetzt von GfSE:
""Die Anforderungen an die validierungsunterstützenden Systeme umfassen die Anforderungen an alle Systeme, die die Validierung des Zielsystems ermöglichen."""
"eec355d4-31d2-4c91-baf6-cfd736680964","en_Desc","Requirements for any systems needed to enable validation of the system of interest"
"f0672845-f672-4bae-80c0-f709a1eae564","en_Name","Preliminary validation criteria"
"f0672845-f672-4bae-80c0-f709a1eae564","de_Name","vorläufige Validierungskriterien"
"f0672845-f672-4bae-80c0-f709a1eae564","de_Desc","Laut INCOSE Handbuch 4.0 - übersetzt von GfSE:
""Die vorläufigen Validierungskriterien (zu untersuchende Kennzahlen) umfassen die Validierungsaktivitäten und auch das Validierungsumfeld des Zielsystems""."
"f0672845-f672-4bae-80c0-f709a1eae564","en_Desc","The preliminary validation criteria (the measures to be assessed), who will perform validation activities, and the validation environments of the system of interest"
"f2982f29-5065-4577-85d7-184f273f73f9","en_Name","Integration constraints"
"f2982f29-5065-4577-85d7-184f273f73f9","de_Name","integrationsbedingte Einschränkungen"
"f2982f29-5065-4577-85d7-184f273f73f9","de_Desc","Laut INCOSE Handbuch 4.0 - übersetzt von GfSE:
""Die integrationsbedingten Einschränkungen umfassen sämtliche Einschränkungen an das System, die sich aus der Integrationsstrategie ergeben, einschließlich der Kosten, des Zeitrahnems und technischen Einschränkungen""."
"f2982f29-5065-4577-85d7-184f273f73f9","en_Desc","Any constraint on the system arising from the integration strategy including cost, schedule, and technical constraints"
"f29abe8e-f911-46ed-b247-6eb48dbf0ba5","en_Name","MOE needs"
"f29abe8e-f911-46ed-b247-6eb48dbf0ba5","de_Name","Bedarf an Wirksamkeitsmessungen"
"f29abe8e-f911-46ed-b247-6eb48dbf0ba5","de_Desc","Laut INCOSE Handbuch 4.0 - übersetzt von GfSE:
""Der Bedarf an Wirksamkeitsmessungen umfasst die Wirksamkeitskennzahlen (MOEs) (Roedler und Jones, 2006), die den Informationsbedarf der Entscheidungsträger in Bezug auf die Wirksamkeit des Systems definieren, die operativen Erwartungen zu erfüllen""."
"f29abe8e-f911-46ed-b247-6eb48dbf0ba5","en_Desc","Identification of the MOEs (Roedler and Jones, 2006), which define the information needs of the decision makers with respect to system effectiveness to meet operational expectations"
"f6105dcf-0a13-4c12-85d9-e449652b0b9c","en_Name","Updated RVTM"
"f6105dcf-0a13-4c12-85d9-e449652b0b9c","de_Name","aktualisierte RVTM"
"f6105dcf-0a13-4c12-85d9-e449652b0b9c","de_Desc","Laut INCOSE Handbuch 4.0 - übersetzt von GfSE:
""Die aktualisierte RVTM ist eine fortgeschriebene Auflistung von Anforderungen, deren Verifikationsattributen sowie deren Verweise aufeinander."""
"f6105dcf-0a13-4c12-85d9-e449652b0b9c","en_Desc","An updated list of requirements, their verification attributes, and their traces"
"f68f2ec1-2ad4-49d7-899a-beba9d69a3d2","en_Name","System function definition"
"f68f2ec1-2ad4-49d7-899a-beba9d69a3d2","de_Name","Definition der Systemfunktionen"
"f68f2ec1-2ad4-49d7-899a-beba9d69a3d2","de_Desc","Laut INCOSE Handbuch 4.0 - übersetzt von GfSE:
""Die Definition der Systemfunktionen umfasst die Definition der funktionalen Grenzen des Systems und der Funktionen die das System erfüllen muss""."
"f68f2ec1-2ad4-49d7-899a-beba9d69a3d2","en_Desc","Definition of the functional boundaries of the system and the functions the system must perform"
"f7bf43ae-928c-4b86-8a21-0f9c5efa1499","en_Name","Project assessment and control record"
"f7bf43ae-928c-4b86-8a21-0f9c5efa1499","de_Name","Protokoll der Projektbewertung und -steuerung"
"f7bf43ae-928c-4b86-8a21-0f9c5efa1499","de_Desc","Laut INCOSE Handbuch 4.0 - übersetzt von GfSE:
""Ein Protokoll der Projektbewertung und -steuerung enthält die lesbaren Aufzeichnungen der Daten, Informationen oder des Wissens bezogen auf Projektbewertung und -steuerung""."
"f7bf43ae-928c-4b86-8a21-0f9c5efa1499","en_Desc","Permanent, readable form of data, information, or knowledge related to project assessment and control"
"f89f49bf-42de-4314-acce-9ce2ca6f689a","en_Name","System analysis report"
"f89f49bf-42de-4314-acce-9ce2ca6f689a","de_Name","Systemanalysebericht"
"f89f49bf-42de-4314-acce-9ce2ca6f689a","de_Desc","Laut INCOSE Handbuch 4.0 - übersetzt von GfSE:
""Der Systemanalysebericht ist ein für Beteiligte erstellter Bericht, um den Stand, die Resultate und Ergebnisse der Systemanalyseaktivitäten zu kommunizieren.

Darin sind die Ergebnisse der Kosten-Analyse, der Risikoanalyse, der Wirksamkeits-Analyse und andere Analysen kritischer Merkmale enthalten. Er enthält auch alle Modelle oder Simulationen, die für diese Analysen entwickelt werden""."
"f89f49bf-42de-4314-acce-9ce2ca6f689a","en_Desc","An account prepared for interested parties in order to communicate the status, results, and outcomes of the system analysis activities. Includes the results of costs analysis, risks analysis, effectiveness analysis, and other critical characteristics analysis. Also includes all models or simulations that are developed for the analysis"
"fbac47f8-6f26-4803-a3ff-780a7c5b66f7","en_Name","Knowledge management system"
"fbac47f8-6f26-4803-a3ff-780a7c5b66f7","de_Name","Wissensmanagementsystem"
"fbac47f8-6f26-4803-a3ff-780a7c5b66f7","de_Desc","Laut INCOSE Handbuch 4.0 - übersetzt von GfSE:
Ein Wissensmanagementsystem ist ein System zur Verwaltung von Wissen, das erhalten werden soll. Es umfasst die zur Beurteilung der Eignung vorhandenen Wissen für das Projekt sowie Erkenntnisse aus der Durchführung der SE-Prozesse der Organisation für das projekt. Das Wissensmanagementsystem sollte Mechanismen enthalten, die es erlauben, die Wissensbestände zu erkennen und auf sie zuzugreifen sowie einzuschätzen, in welchem Grad sie für das Projekt anwendbar sind. Es kann in jedem Lebenszyklusprozess genutzt werden."
"fbac47f8-6f26-4803-a3ff-780a7c5b66f7","en_Desc","Maintained knowledge management system. Project suitability assessment results for application of existing knowledge. Lessons learned from execution of the organizational SE processes on projects. Should include mechanisms to easily identify and access the assets and to determine the level of applicability for the project considering its use. Can be used by any life cycle process"
"fdbac9c5-28bd-419e-b701-03b7a95b31d9","en_Name","Acquisition payment"
"fdbac9c5-28bd-419e-b701-03b7a95b31d9","de_Name","Bezahlung der Beschaffung"
"fdbac9c5-28bd-419e-b701-03b7a95b31d9","de_Desc","Die Bezahlung der Beschaffung umfasst die Zahlungen oder andere Vergütungen für das beschaffte System. Das beinhaltet sowohl Zahlungsleistungen als auch Empfangsbestätigung der Bezahlung."
"fdbac9c5-28bd-419e-b701-03b7a95b31d9","en_Desc","Payments or other compensations for the acquired system. Includes remitting and acknowledgement"
"fe027c4d-a4f1-4ce1-af81-64dcc6f5416b","en_Name","Information management strategy"
"fe027c4d-a4f1-4ce1-af81-64dcc6f5416b","de_Name","Informationsmanagementbericht"
"fe027c4d-a4f1-4ce1-af81-64dcc6f5416b","de_Desc","Laut INCOSE Handbuch 4.0 - übersetzt von GfSE:
""Der Informationsmanagementbericht ist in für Beteiligte erstellter Bericht, um den Stand, die Resultate und Ergebnisse der Informationsmanagementaktivitäten zu kommunizieren""."
"fe027c4d-a4f1-4ce1-af81-64dcc6f5416b","en_Desc","Approaches, schedules, resources, and specific considerations required to perform information management for a project"
"fe3d161f-cb72-4afa-8230-f974adfcc42c","en_Name","Life cycle model management record"
"fe3d161f-cb72-4afa-8230-f974adfcc42c","de_Name","Protokoll des Lebenszyklusmodell-Managements"
"fe3d161f-cb72-4afa-8230-f974adfcc42c","de_Desc","Laut INCOSE Handbuch 4.0 - übersetzt von GfSE:
Ein Protokoll des Lebenszyklusmodell-Management enthält die lesbaren Aufzeichnungen der Daten, Informationen oder des Wissens bezogen auf das Lebenszyklusmodell-Management."
"fe3d161f-cb72-4afa-8230-f974adfcc42c","en_Desc","Permanent, readable form of data, information, or knowledge related to life cycle model management"
"ff8fd7c1-a76f-4078-a9aa-2008ca343591","en_Name","Measurement data"
"ff8fd7c1-a76f-4078-a9aa-2008ca343591","de_Name","Messdaten"
"ff8fd7c1-a76f-4078-a9aa-2008ca343591","de_Desc","Laut INCOSE Handbuch 4.0 - übersetzt von GfSE:
""Messdaten stammen aus allen angewendeten Lebenszyklusprozessen, einschließlich der Daten von Wirksamkeitskennzahlen (MOE), von Leistungskennzahlen (MOP), von technischen Leistungskennzahlen (TPM), zur Leistung des Projekts und der Prozesse der Organisation""."
"ff8fd7c1-a76f-4078-a9aa-2008ca343591","en_Desc","Laut INCOSE Handbuch 4.0 - übersetzt von GfSE:
""Messdaten stammen aus allen angewendeten Lebenszyklusprozessen, einschließlich der Daten von Wirksamkeitskennzahlen (MOE), von Leistungskennzahlen (MOP), von technischen Leistungskennzahlen (TPM), zur Leistung des Projekts und der Prozesse der Organisation""."
"ffbe63c8-7046-4f8d-97ce-c83a74116967","en_Name","Verification constraints"
"ffbe63c8-7046-4f8d-97ce-c83a74116967","de_Name","Einschränkungen aufgrund der Verifikation"
"ffbe63c8-7046-4f8d-97ce-c83a74116967","de_Desc","Laut INCOSE Handbuch 4.0 - übersetzt von GfSE:
""Die Einschränkungen aufgrund der Verifikation umfassen sämtliche Einschränkungen an das System, die sich aus der Verifikationsstrategie sowie Kosten, Zeitrahmen und technischen Einschränkungen ergeben."""
"ffbe63c8-7046-4f8d-97ce-c83a74116967","en_Desc","Any constraint on the system arising from the verification strategy including cost, schedule, and technical constraints"
"ffbf9e81-7d99-4cb7-9bb7-a0f3f016d5ef","en_Name","Quality assurance plan"
"ffbf9e81-7d99-4cb7-9bb7-a0f3f016d5ef","de_Name","Qualitätssicherungsplan"
"ffbf9e81-7d99-4cb7-9bb7-a0f3f016d5ef","de_Desc","Laut INCOSE Handbuch 4.0 - übersetzt von GfSE:
""Der Qualitätssicherungsplan umfasst eine Reihe von Qualitätssicherungsaktivitäten, die auf das Projekt zugeschnitten sind um die Entwicklung und SE Prozesse überwachen.
Er beschreibt die Qualitätssicherung einer Organisation sowie anzuwendende Aktivitäten zur Prüfung, Bewertung und Überwachung.
Dazu gehört eine Reihe von Richtlinien und Verfahren, einschließlich der spezifischen Methoden und Techniken, die als Praktiken der Qualitätssicherung sowohl innerhalb der Organisation als auch innerhalb einzelner Projekt gelten.
Der Qualitätssicherungsplan enthält auch messbare Qualitätsziele für Prozesse und Systeme einschließlich der zugewiesenen Verantwortungen und Berechtigungen für das QM innerhalb der Organisation.
Der Plan verweist auch auf Aktivitäten, die von anderen Organisationen durchgeführt werden oder auf Funktionen die von der Qualitätssicherungsorganisation überwacht oder auditiert werden""."
"ffbf9e81-7d99-4cb7-9bb7-a0f3f016d5ef","en_Desc","The set of project quality assurance activities, tailored to the project, designed to monitor development and SE processes. Describes the quality assurance organization and applicable audit, evaluation, and monitoring activities. This includes the set of policies and procedures, including specific methods and techniques that apply to quality assurance practices within the organization and within individual projects. It also includes quality objectives for processes and systems that are measurable, along with linkages to the assigned accountability and authority for QM within the organization. The plan also references activities performed by other organizations or functions that are monitored or audited by the quality assurance organization"
"01b77e2e-1050-4a30-b756-4f5e154ebf74","de_Name","Störungen und Probleme behandeln"
"01b77e2e-1050-4a30-b756-4f5e154ebf74","de_Desc",""
"01b77e2e-1050-4a30-b756-4f5e154ebf74","en_Name","Treat incidents and problems"
"01b77e2e-1050-4a30-b756-4f5e154ebf74","en_Desc",""
"0389cbc5-c27b-46fd-b988-7a0dc21e3533","de_Name","Durchführen des Informationsmanagements"
"0389cbc5-c27b-46fd-b988-7a0dc21e3533","de_Desc",""
"0389cbc5-c27b-46fd-b988-7a0dc21e3533","en_Name","Perform information management"
"0389cbc5-c27b-46fd-b988-7a0dc21e3533","en_Desc",""
"03c991c0-e97c-4aa8-8f76-c4b3236a1315","de_Name","Vorbereiten der Definition der Systemanforderungen"
"03c991c0-e97c-4aa8-8f76-c4b3236a1315","de_Desc",""
"03c991c0-e97c-4aa8-8f76-c4b3236a1315","en_Name","Prepare for system requirements definition"
"03c991c0-e97c-4aa8-8f76-c4b3236a1315","en_Desc",""
"070377d9-2b40-403c-8958-d2d56a210029","de_Name","Starten des Projekts"
"070377d9-2b40-403c-8958-d2d56a210029","de_Desc",""
"070377d9-2b40-403c-8958-d2d56a210029","en_Name","Activate the project"
"070377d9-2b40-403c-8958-d2d56a210029","en_Desc",""
"0764fd2e-e469-4b6d-8d9d-8919900ab2ab","de_Name","Vorbereiten des Betriebs"
"0764fd2e-e469-4b6d-8d9d-8919900ab2ab","de_Desc",""
"0764fd2e-e469-4b6d-8d9d-8919900ab2ab","en_Name","Prepare for operation"
"0764fd2e-e469-4b6d-8d9d-8919900ab2ab","en_Desc",""
"09aa1832-2f2e-4ea4-9fb6-ea02d56af2e1","de_Name","Erstellen des Betriebskonzepts (OpsCon) und anderer Lebenszykluskonzepte"
"09aa1832-2f2e-4ea4-9fb6-ea02d56af2e1","de_Desc",""
"09aa1832-2f2e-4ea4-9fb6-ea02d56af2e1","en_Name","Develop the operational concept and other lifecycle concepts"
"09aa1832-2f2e-4ea4-9fb6-ea02d56af2e1","en_Desc",""
"0c3e42bb-5a0d-4cc0-a2c1-94bd571572f1","de_Name","Abschließen der Entsorgung"
"0c3e42bb-5a0d-4cc0-a2c1-94bd571572f1","de_Desc",""
"0c3e42bb-5a0d-4cc0-a2c1-94bd571572f1","en_Name","Finalize the disposal"
"0c3e42bb-5a0d-4cc0-a2c1-94bd571572f1","en_Desc",""
"0c81e20b-9aba-4510-8d70-be0e70f652dc","de_Name","Bewerten möglicher Architekturvarianten"
"0c81e20b-9aba-4510-8d70-be0e70f652dc","de_Desc",""
"0c81e20b-9aba-4510-8d70-be0e70f652dc","en_Name","Assess architecture candidates"
"0c81e20b-9aba-4510-8d70-be0e70f652dc","en_Desc",""
"0cc327c0-35aa-4fae-920c-469880bba0f3","de_Name","Verwalten der Integration"
"0cc327c0-35aa-4fae-920c-469880bba0f3","de_Desc",""
"0cc327c0-35aa-4fae-920c-469880bba0f3","en_Name","Manage results of integration"
"0cc327c0-35aa-4fae-920c-469880bba0f3","en_Desc",""
"122a67ac-e253-4c6f-8195-882edb677ec3","de_Name","Verwalten des Entwurfs"
"122a67ac-e253-4c6f-8195-882edb677ec3","de_Desc",""
"122a67ac-e253-4c6f-8195-882edb677ec3","en_Name","Manage the design"
"122a67ac-e253-4c6f-8195-882edb677ec3","en_Desc",""
"166d7165-2cba-42c3-9596-3dcf62089ff1","de_Name","Analysieren von Risiken"
"166d7165-2cba-42c3-9596-3dcf62089ff1","de_Desc",""
"166d7165-2cba-42c3-9596-3dcf62089ff1","en_Name","Analyze risks"
"166d7165-2cba-42c3-9596-3dcf62089ff1","en_Desc",""
"171dcbc7-ce35-4191-8577-8e6eb90fcbfc","de_Name","Eingehen und Pflegen einer vertraglichen Vereinbarung"
"171dcbc7-ce35-4191-8577-8e6eb90fcbfc","de_Desc",""
"171dcbc7-ce35-4191-8577-8e6eb90fcbfc","en_Name","Establish and maintain the agreement"
"171dcbc7-ce35-4191-8577-8e6eb90fcbfc","en_Desc",""
"1775df04-3e4e-4bd1-8df8-9dc820b2e90b","de_Name","Vorbereiten der Systemanalyse"
"1775df04-3e4e-4bd1-8df8-9dc820b2e90b","de_Desc",""
"1775df04-3e4e-4bd1-8df8-9dc820b2e90b","en_Name","Prepare for system analysis"
"1775df04-3e4e-4bd1-8df8-9dc820b2e90b","en_Desc",""
"17fcc57a-a67f-455d-a79f-3129d5edf153","de_Name","Erstellen von Entwurfsmerkmalen und Entwurfsmitteln für jedes Systemelement"
"17fcc57a-a67f-455d-a79f-3129d5edf153","de_Desc",""
"17fcc57a-a67f-455d-a79f-3129d5edf153","en_Name","Establish design characteristics and design enablers related to each system element"
"17fcc57a-a67f-455d-a79f-3129d5edf153","en_Desc",""
"1f01526c-a675-427d-8574-38e48f287ea4","de_Name","Durchführen von Bewertungen der Produkte oder Dienstleistungen"
"1f01526c-a675-427d-8574-38e48f287ea4","de_Desc",""
"1f01526c-a675-427d-8574-38e48f287ea4","en_Name","Perform product or service evaluation"
"1f01526c-a675-427d-8574-38e48f287ea4","en_Desc",""
"22e751bd-fe72-45ee-82fc-8082b900031b","de_Name","Durchführen der Konfigurationsidentifizierung"
"22e751bd-fe72-45ee-82fc-8082b900031b","de_Desc",""
"22e751bd-fe72-45ee-82fc-8082b900031b","en_Name","Perform configuration identification"
"22e751bd-fe72-45ee-82fc-8082b900031b","en_Desc",""
"24bbbb12-0f36-4260-a5d3-589e7eccc22f","de_Name","Verwalten der Validierungsergebnisse"
"24bbbb12-0f36-4260-a5d3-589e7eccc22f","de_Desc",""
"24bbbb12-0f36-4260-a5d3-589e7eccc22f","en_Name","Manage results of validation"
"24bbbb12-0f36-4260-a5d3-589e7eccc22f","en_Desc",""
"273a7caf-eb07-4f2f-b8b4-dbaa838f4de3","de_Name","Verteilen von Wissen und Fertigkeiten in der Organisation"
"273a7caf-eb07-4f2f-b8b4-dbaa838f4de3","de_Desc",""
"273a7caf-eb07-4f2f-b8b4-dbaa838f4de3","en_Name","Share knowledge and skills throughout the organization"
"273a7caf-eb07-4f2f-b8b4-dbaa838f4de3","en_Desc",""
"291ee39d-c5d6-4c7d-90f9-b03394dd3615","de_Name","Bewerten von Alternativen für die zu beschaffenden Systemelemente"
"291ee39d-c5d6-4c7d-90f9-b03394dd3615","de_Desc",""
"291ee39d-c5d6-4c7d-90f9-b03394dd3615","en_Name","Assess alternatives for obtaining system elements"
"291ee39d-c5d6-4c7d-90f9-b03394dd3615","en_Desc",""
"2b40296a-e4e3-4570-b934-68fdb7ce5d0f","de_Name","Olanen des Qualitätsmanagements"
"2b40296a-e4e3-4570-b934-68fdb7ce5d0f","de_Desc",""
"2b40296a-e4e3-4570-b934-68fdb7ce5d0f","en_Name","Plan quality management"
"2b40296a-e4e3-4570-b934-68fdb7ce5d0f","en_Desc",""
"2ba9055a-4928-4157-814c-8eb9d8a2d518","de_Name","Bewerten des Prozesses"
"2ba9055a-4928-4157-814c-8eb9d8a2d518","de_Desc",""
"2ba9055a-4928-4157-814c-8eb9d8a2d518","en_Name","Assess the process"
"2ba9055a-4928-4157-814c-8eb9d8a2d518","en_Desc",""
"2f36986c-1614-45ca-89c5-72fcff853e0b","de_Name","Planen des Wissensmanagements"
"2f36986c-1614-45ca-89c5-72fcff853e0b","de_Desc",""
"2f36986c-1614-45ca-89c5-72fcff853e0b","en_Name","Plan knowledge management"
"2f36986c-1614-45ca-89c5-72fcff853e0b","en_Desc",""
"31c77dad-2e23-4880-85d0-c340748a0f8e","de_Name","Vorbereiten der Umsetzung"
"31c77dad-2e23-4880-85d0-c340748a0f8e","de_Desc",""
"31c77dad-2e23-4880-85d0-c340748a0f8e","en_Name","Prepare for implementation"
"31c77dad-2e23-4880-85d0-c340748a0f8e","en_Desc",""
"32319b84-ba68-4f41-8d7e-f82494fb9b12","de_Name","Fähigkeiten erwerben und bereitstellen"
"32319b84-ba68-4f41-8d7e-f82494fb9b12","de_Desc",""
"32319b84-ba68-4f41-8d7e-f82494fb9b12","en_Name","Acquire and provide skills"
"32319b84-ba68-4f41-8d7e-f82494fb9b12","en_Desc",""
"324dfe0d-6f48-43a4-961b-ed5f94c32122","de_Name","Durchführen der Übergabe"
"324dfe0d-6f48-43a4-961b-ed5f94c32122","de_Desc",""
"324dfe0d-6f48-43a4-961b-ed5f94c32122","en_Name","Perform the transition"
"324dfe0d-6f48-43a4-961b-ed5f94c32122","en_Desc",""
"32a0644c-ea0f-4d6a-8336-eeab662d7a60","de_Name","Planen der Qualitätssicherung"
"32a0644c-ea0f-4d6a-8336-eeab662d7a60","de_Desc",""
"32a0644c-ea0f-4d6a-8336-eeab662d7a60","en_Name","Prepare for quality assurance"
"32a0644c-ea0f-4d6a-8336-eeab662d7a60","en_Desc",""
"373cfb10-d3f9-41aa-afbd-d36c93511c14","de_Name","Entscheidungen vorbereiten"
"373cfb10-d3f9-41aa-afbd-d36c93511c14","de_Desc",""
"373cfb10-d3f9-41aa-afbd-d36c93511c14","en_Name","Prepare for decisions"
"373cfb10-d3f9-41aa-afbd-d36c93511c14","en_Desc",""
"3bb6448d-87ca-495c-91c9-316be63da272","de_Name","Durchführung der Validierung"
"3bb6448d-87ca-495c-91c9-316be63da272","de_Desc",""
"3bb6448d-87ca-495c-91c9-316be63da272","en_Name","Perform validation"
"3bb6448d-87ca-495c-91c9-316be63da272","en_Desc",""
"3c093a1a-0273-4768-b1ff-7d857554e99d","de_Name","Verwalten der Systemanalyse"
"3c093a1a-0273-4768-b1ff-7d857554e99d","de_Desc",""
"3c093a1a-0273-4768-b1ff-7d857554e99d","en_Name","Manage system analysis"
"3c093a1a-0273-4768-b1ff-7d857554e99d","en_Desc",""
"457d14be-dfdf-4570-8f54-c43d2c806e90","de_Name","Durchführen des Betriebs"
"457d14be-dfdf-4570-8f54-c43d2c806e90","de_Desc",""
"457d14be-dfdf-4570-8f54-c43d2c806e90","en_Name","Perform operation"
"457d14be-dfdf-4570-8f54-c43d2c806e90","en_Desc",""
"464fe660-4b41-4d65-bb4a-7b1881bafb24","de_Name","Durchführen der Messung"
"464fe660-4b41-4d65-bb4a-7b1881bafb24","de_Desc",""
"464fe660-4b41-4d65-bb4a-7b1881bafb24","en_Name","Perform measurement"
"464fe660-4b41-4d65-bb4a-7b1881bafb24","en_Desc",""
"4652fe49-5b72-4981-bb0b-a41860a8b99a","de_Name","Projekte auflösen"
"4652fe49-5b72-4981-bb0b-a41860a8b99a","de_Desc",""
"4652fe49-5b72-4981-bb0b-a41860a8b99a","en_Name","Terminate projects"
"4652fe49-5b72-4981-bb0b-a41860a8b99a","en_Desc",""
"47a466ad-cd5d-47bc-ba8b-a2f6ed6eda62","de_Name","Durchführen der Systemanalyse"
"47a466ad-cd5d-47bc-ba8b-a2f6ed6eda62","de_Desc",""
"47a466ad-cd5d-47bc-ba8b-a2f6ed6eda62","en_Name","Perform system analysis"
"47a466ad-cd5d-47bc-ba8b-a2f6ed6eda62","en_Desc",""
"486b1247-30cc-4bc7-b6fe-ed4de602c811","de_Name","Vorbereiten der Integration"
"486b1247-30cc-4bc7-b6fe-ed4de602c811","de_Desc",""
"486b1247-30cc-4bc7-b6fe-ed4de602c811","en_Name","Prepare for integration"
"486b1247-30cc-4bc7-b6fe-ed4de602c811","en_Desc",""
"4b5db2e9-f33a-4fd9-beee-afb5f9c3c457","de_Name","Analysieren der Stakeholder-Anforderungen"
"4b5db2e9-f33a-4fd9-beee-afb5f9c3c457","de_Desc",""
"4b5db2e9-f33a-4fd9-beee-afb5f9c3c457","en_Name","Analyze stakeholder requirements"
"4b5db2e9-f33a-4fd9-beee-afb5f9c3c457","en_Desc",""
"5317a75a-9c30-4ab6-a081-82032c592cfb","de_Name","Verwalten der QS-Protokolle und -Berichte"
"5317a75a-9c30-4ab6-a081-82032c592cfb","de_Desc",""
"5317a75a-9c30-4ab6-a081-82032c592cfb","en_Name","Manage QA records and reports"
"5317a75a-9c30-4ab6-a081-82032c592cfb","en_Desc",""
"54306410-bc43-43a4-82b8-7f9b332abfa3","de_Name","Unterstützen des Kunden"
"54306410-bc43-43a4-82b8-7f9b332abfa3","de_Desc",""
"54306410-bc43-43a4-82b8-7f9b332abfa3","en_Name","Support the customer"
"54306410-bc43-43a4-82b8-7f9b332abfa3","en_Desc",""
"6384bfa3-50d5-40e1-bdfa-d47841ca44b5","de_Name","Vorbereiten der Entsorgung"
"6384bfa3-50d5-40e1-bdfa-d47841ca44b5","de_Desc",""
"6384bfa3-50d5-40e1-bdfa-d47841ca44b5","en_Name","Prepare for disposal"
"6384bfa3-50d5-40e1-bdfa-d47841ca44b5","en_Desc",""
"66e1f411-3f50-48a6-9516-7b1b2e39f824","de_Name","Bewerten des Qualitätsmanagements"
"66e1f411-3f50-48a6-9516-7b1b2e39f824","de_Desc",""
"66e1f411-3f50-48a6-9516-7b1b2e39f824","en_Name","Assess quality management"
"66e1f411-3f50-48a6-9516-7b1b2e39f824","en_Desc",""
"674ea294-b50e-4d42-8d07-194ba280c702","de_Name","Architekturperspektiven entwickeln"
"674ea294-b50e-4d42-8d07-194ba280c702","de_Desc",""
"674ea294-b50e-4d42-8d07-194ba280c702","en_Name","Develop architecture viewpoints"
"674ea294-b50e-4d42-8d07-194ba280c702","en_Desc",""
"69c34a33-1508-46fb-8a9d-9f1257a69d2c","de_Name","Durchführen der Änderungslenkung"
"69c34a33-1508-46fb-8a9d-9f1257a69d2c","de_Desc",""
"69c34a33-1508-46fb-8a9d-9f1257a69d2c","en_Name","Perform configuration change management"
"69c34a33-1508-46fb-8a9d-9f1257a69d2c","en_Desc",""
"6ab50a85-4cb5-4e4e-bfc0-3d850d1fecf2","de_Name","Verbessern des Prozesses"
"6ab50a85-4cb5-4e4e-bfc0-3d850d1fecf2","de_Desc",""
"6ab50a85-4cb5-4e4e-bfc0-3d850d1fecf2","en_Name","Improve the process"
"6ab50a85-4cb5-4e4e-bfc0-3d850d1fecf2","en_Desc",""
"6b072860-6ec8-434f-b602-abaf37bf44a3","de_Name","Abstecken des Problem- oder des Chancenraums"
"6b072860-6ec8-434f-b602-abaf37bf44a3","de_Desc",""
"6b072860-6ec8-434f-b602-abaf37bf44a3","en_Name","Define the problem or opportunity space"
"6b072860-6ec8-434f-b602-abaf37bf44a3","en_Desc",""
"6beb8bb6-d9f7-437c-83d4-1848fb9cb337","de_Name","Ausführen des Vertrages"
"6beb8bb6-d9f7-437c-83d4-1848fb9cb337","de_Desc",""
"6beb8bb6-d9f7-437c-83d4-1848fb9cb337","en_Name","Execute the agreement"
"6beb8bb6-d9f7-437c-83d4-1848fb9cb337","en_Desc",""
"6f7b6ead-08fb-4e30-be78-921b38956230","de_Name","Analysieren der Systemanforderungen"
"6f7b6ead-08fb-4e30-be78-921b38956230","de_Desc",""
"6f7b6ead-08fb-4e30-be78-921b38956230","en_Name","Analyze system requirements"
"6f7b6ead-08fb-4e30-be78-921b38956230","en_Desc",""
"720f998b-5bb2-4bf7-8eb0-32ad8bc72f4d","de_Name","Auswerten von Projektportfolios"
"720f998b-5bb2-4bf7-8eb0-32ad8bc72f4d","de_Desc",""
"720f998b-5bb2-4bf7-8eb0-32ad8bc72f4d","en_Name","Evaluate the portfolio of projects"
"720f998b-5bb2-4bf7-8eb0-32ad8bc72f4d","en_Desc",""
"72da9f83-f817-4477-9a7b-92ca6cf56783","de_Name","Durchführen der Wartung"
"72da9f83-f817-4477-9a7b-92ca6cf56783","de_Desc",""
"72da9f83-f817-4477-9a7b-92ca6cf56783","en_Name","Perform maintenance"
"72da9f83-f817-4477-9a7b-92ca6cf56783","en_Desc",""
"7354ab4d-ef9c-4859-baab-7ebbfd269587","de_Name","Durchführen der Entsorgung"
"7354ab4d-ef9c-4859-baab-7ebbfd269587","de_Desc",""
"7354ab4d-ef9c-4859-baab-7ebbfd269587","en_Name","Perform disposal"
"7354ab4d-ef9c-4859-baab-7ebbfd269587","en_Desc",""
"746beea3-560d-4c78-b187-91300cc4d16d","de_Name","Ausführen von qualitätsbezogenen Verbesserungs- und vorbeugenden Maßnahmen"
"746beea3-560d-4c78-b187-91300cc4d16d","de_Desc",""
"746beea3-560d-4c78-b187-91300cc4d16d","en_Name","Perform quality management corrective action and preventive action"
"746beea3-560d-4c78-b187-91300cc4d16d","en_Desc",""
"77688b37-d752-4db2-8229-6e2d67702596","de_Name","Verwaltung der Umsetzungsergebnisse"
"77688b37-d752-4db2-8229-6e2d67702596","de_Desc",""
"77688b37-d752-4db2-8229-6e2d67702596","en_Name","Manage results of implementation"
"77688b37-d752-4db2-8229-6e2d67702596","en_Desc",""
"7c00c1de-72bc-45f4-ae7d-6156a0dca1b8","de_Name","Bekanntmachen der Beschaffung und Auswahl des Lieferanten"
"7c00c1de-72bc-45f4-ae7d-6156a0dca1b8","de_Desc",""
"7c00c1de-72bc-45f4-ae7d-6156a0dca1b8","en_Name","Advertise the acquisition and select the supplier"
"7c00c1de-72bc-45f4-ae7d-6156a0dca1b8","en_Desc",""
"7c7d2a1a-15a4-49e2-94e6-adb37030597e","de_Name","Planen der Projektbewertung und -steuerung"
"7c7d2a1a-15a4-49e2-94e6-adb37030597e","de_Desc",""
"7c7d2a1a-15a4-49e2-94e6-adb37030597e","en_Name","Plan for project assessment and control"
"7c7d2a1a-15a4-49e2-94e6-adb37030597e","en_Desc",""
"8163fc24-4f67-4265-acd9-d476aacccb41","de_Name","Beobachten der Risiken"
"8163fc24-4f67-4265-acd9-d476aacccb41","de_Desc",""
"8163fc24-4f67-4265-acd9-d476aacccb41","en_Name","Monitor risks"
"8163fc24-4f67-4265-acd9-d476aacccb41","en_Desc",""
"81e861a6-f851-420d-b956-e4852d4e0252","de_Name","Pflegen der Infrastruktur"
"81e861a6-f851-420d-b956-e4852d4e0252","de_Desc",""
"81e861a6-f851-420d-b956-e4852d4e0252","en_Name","Maintain the infrastructure"
"81e861a6-f851-420d-b956-e4852d4e0252","en_Desc",""
"8361ac6e-3163-419d-b7ce-2bc52aeaa95f","de_Name","Definieren der Systemanforderungen"
"8361ac6e-3163-419d-b7ce-2bc52aeaa95f","de_Desc",""
"8361ac6e-3163-419d-b7ce-2bc52aeaa95f","en_Name","Define system requirements"
"8361ac6e-3163-419d-b7ce-2bc52aeaa95f","en_Desc",""
"84526ecb-a390-4612-97ac-344f067d3332","de_Name","Durchführen der Konfigurationsbuchführung"
"84526ecb-a390-4612-97ac-344f067d3332","de_Desc",""
"84526ecb-a390-4612-97ac-344f067d3332","en_Name","Perform configuration status accounting"
"84526ecb-a390-4612-97ac-344f067d3332","en_Desc",""
"87614e7a-a7e3-4e4c-bf95-1547b015ffc8","de_Name","Vorbereiten der Verifikation"
"87614e7a-a7e3-4e4c-bf95-1547b015ffc8","de_Desc",""
"87614e7a-a7e3-4e4c-bf95-1547b015ffc8","en_Name","Prepare for verification"
"87614e7a-a7e3-4e4c-bf95-1547b015ffc8","en_Desc",""
"878e9448-08f7-484a-9077-db816bc09d0c","de_Name","Liefern und Erhalten des Produkts oder der Dienstleistung"
"878e9448-08f7-484a-9077-db816bc09d0c","de_Desc",""
"878e9448-08f7-484a-9077-db816bc09d0c","en_Name","Deliver and support the product or service"
"878e9448-08f7-484a-9077-db816bc09d0c","en_Desc",""
"8ae7c9a0-ee05-42e7-8b75-a2848060935a","de_Name","Konzepte und Ansichten möglicher alternativer Architekturen entwickeln"
"8ae7c9a0-ee05-42e7-8b75-a2848060935a","de_Desc",""
"8ae7c9a0-ee05-42e7-8b75-a2848060935a","en_Name","Develop models and views of candidate architectures"
"8ae7c9a0-ee05-42e7-8b75-a2848060935a","en_Desc",""
"8b5c7aa1-8e75-4ed7-9bbf-3ea14e65ea23","de_Name","Vorbereiten der Geschäfts- oder Auftragsanalyse"
"8b5c7aa1-8e75-4ed7-9bbf-3ea14e65ea23","de_Desc",""
"8b5c7aa1-8e75-4ed7-9bbf-3ea14e65ea23","en_Name","Prepare for business or mission analysis"
"8b5c7aa1-8e75-4ed7-9bbf-3ea14e65ea23","en_Desc",""
"8c08a084-cffb-470f-879f-0b8fb6772edc","de_Name","Planen des Projekt- und des technischen Managements"
"8c08a084-cffb-470f-879f-0b8fb6772edc","de_Desc",""
"8c08a084-cffb-470f-879f-0b8fb6772edc","en_Name","Plan project and technical management"
"8c08a084-cffb-470f-879f-0b8fb6772edc","en_Desc",""
"8e56b02a-3a02-4b7b-8779-d91ddbfe5476","de_Name","Durchführen von Prozessbewertungen"
"8e56b02a-3a02-4b7b-8779-d91ddbfe5476","de_Desc",""
"8e56b02a-3a02-4b7b-8779-d91ddbfe5476","en_Name","Perform process evaluations"
"8e56b02a-3a02-4b7b-8779-d91ddbfe5476","en_Desc",""
"910214b1-d90d-4433-bab9-267e9ca23637","de_Name","Verwalten der ausgewählten Architektur"
"910214b1-d90d-4433-bab9-267e9ca23637","de_Desc",""
"910214b1-d90d-4433-bab9-267e9ca23637","en_Name","Manage the selected architecture"
"910214b1-d90d-4433-bab9-267e9ca23637","en_Desc",""
"911e2867-f5e7-4dce-a526-697460bed17e","de_Name","Vorbereiten der Beschaffung"
"911e2867-f5e7-4dce-a526-697460bed17e","de_Desc",""
"911e2867-f5e7-4dce-a526-697460bed17e","en_Name","Prepare for the acquisition"
"911e2867-f5e7-4dce-a526-697460bed17e","en_Desc",""
"91a1c6cd-6a08-4132-bb1f-ab050034d91b","de_Name","Vorbereiten der Übergabe"
"91a1c6cd-6a08-4132-bb1f-ab050034d91b","de_Desc",""
"91a1c6cd-6a08-4132-bb1f-ab050034d91b","en_Name","Prepare for transition"
"91a1c6cd-6a08-4132-bb1f-ab050034d91b","en_Desc",""
"9408bc6c-2238-4edc-9af8-a6281da7fb53","de_Name","Vorbereiten der Architekturgestaltung"
"9408bc6c-2238-4edc-9af8-a6281da7fb53","de_Desc",""
"9408bc6c-2238-4edc-9af8-a6281da7fb53","en_Name","Prepare for architecture definition"
"9408bc6c-2238-4edc-9af8-a6281da7fb53","en_Desc",""
"95e24d56-5a9c-4615-9ee2-ed55ae7e48d7","de_Name","Verwalten der Systemanforderungen"
"95e24d56-5a9c-4615-9ee2-ed55ae7e48d7","de_Desc",""
"95e24d56-5a9c-4615-9ee2-ed55ae7e48d7","en_Name","Manage system requirements"
"95e24d56-5a9c-4615-9ee2-ed55ae7e48d7","en_Desc",""
"96aa7901-6a00-474c-802d-dd43c4f6203f","de_Name","Analysieren der zur Entscheidung vorhandenen Information"
"96aa7901-6a00-474c-802d-dd43c4f6203f","de_Desc",""
"96aa7901-6a00-474c-802d-dd43c4f6203f","en_Name","Analyze the decision information"
"96aa7901-6a00-474c-802d-dd43c4f6203f","en_Desc",""
"98bd9a06-4c77-496e-8deb-7e44fea65c12","de_Name","Abnehmen des Produkts oder der Dienstleistung"
"98bd9a06-4c77-496e-8deb-7e44fea65c12","de_Desc",""
"98bd9a06-4c77-496e-8deb-7e44fea65c12","en_Name","Accept the product or service"
"98bd9a06-4c77-496e-8deb-7e44fea65c12","en_Desc",""
"9be54015-4efa-4003-a9cd-4fc4117bddbf","de_Name","Planen des Informationsmanagements"
"9be54015-4efa-4003-a9cd-4fc4117bddbf","de_Desc",""
"9be54015-4efa-4003-a9cd-4fc4117bddbf","en_Name","Prepare for information management"
"9be54015-4efa-4003-a9cd-4fc4117bddbf","en_Desc",""
"9d59a4c2-13ed-4ef0-9c38-6f411feb1468","de_Name","Treffen und Verwalten von Entscheidungen"
"9d59a4c2-13ed-4ef0-9c38-6f411feb1468","de_Desc",""
"9d59a4c2-13ed-4ef0-9c38-6f411feb1468","en_Name","Make and manage decisions"
"9d59a4c2-13ed-4ef0-9c38-6f411feb1468","en_Desc",""
"9e146a93-dd95-4b56-8915-40371fde9b91","de_Name","Fähigkeiten entwickeln"
"9e146a93-dd95-4b56-8915-40371fde9b91","de_Desc",""
"9e146a93-dd95-4b56-8915-40371fde9b91","en_Name","Develop skills"
"9e146a93-dd95-4b56-8915-40371fde9b91","en_Desc",""
"9f1cabf9-c5ac-40c6-8e5f-ca4168811c82","de_Name","Vertragliche Vereinbarungen treffen"
"9f1cabf9-c5ac-40c6-8e5f-ca4168811c82","de_Desc",""
"9f1cabf9-c5ac-40c6-8e5f-ca4168811c82","en_Name","Establish and maintain an agreement"
"9f1cabf9-c5ac-40c6-8e5f-ca4168811c82","en_Desc",""
"a109331c-2a05-4056-b13a-785979db6424","de_Name","Überführen der Stakeholder-Bedarfe in Stakeholder-Anforderungen"
"a109331c-2a05-4056-b13a-785979db6424","de_Desc",""
"a109331c-2a05-4056-b13a-785979db6424","en_Name","Transform stakeholder needs into stakeholderrequirements"
"a109331c-2a05-4056-b13a-785979db6424","en_Desc",""
"a8da4f0b-7107-4cba-ba2e-4dfeafaea056","de_Name","Vorbereiten des Entwurfs"
"a8da4f0b-7107-4cba-ba2e-4dfeafaea056","de_Desc",""
"a8da4f0b-7107-4cba-ba2e-4dfeafaea056","en_Name","Prepare for design definition"
"a8da4f0b-7107-4cba-ba2e-4dfeafaea056","en_Desc",""
"ab7a7487-78d5-4d45-9bf0-74bb1b0355ce","de_Name","Durchführen der Konfigurationsüberprüfung"
"ab7a7487-78d5-4d45-9bf0-74bb1b0355ce","de_Desc",""
"ab7a7487-78d5-4d45-9bf0-74bb1b0355ce","en_Name","Pefrorm configuration evaluation"
"ab7a7487-78d5-4d45-9bf0-74bb1b0355ce","en_Desc",""
"b062f285-d23f-43d7-8b52-ee23b0532738","de_Name","Definieren des Projekts"
"b062f285-d23f-43d7-8b52-ee23b0532738","de_Desc",""
"b062f285-d23f-43d7-8b52-ee23b0532738","en_Name","Define the project"
"b062f285-d23f-43d7-8b52-ee23b0532738","en_Desc",""
"b288abcb-7748-4ff8-bc1a-5484184de477","de_Name","Steuern des Projekts"
"b288abcb-7748-4ff8-bc1a-5484184de477","de_Desc",""
"b288abcb-7748-4ff8-bc1a-5484184de477","en_Name","Control the project"
"b288abcb-7748-4ff8-bc1a-5484184de477","en_Desc",""
"b3e2339e-5360-4810-8678-8bb9509d3ec8","de_Name","Verwalten der Ergebnisse von Wartung und Logistik"
"b3e2339e-5360-4810-8678-8bb9509d3ec8","de_Desc",""
"b3e2339e-5360-4810-8678-8bb9509d3ec8","en_Name","Manage results of maintenance and logistics"
"b3e2339e-5360-4810-8678-8bb9509d3ec8","en_Desc",""
"b6d9f173-3056-44d2-ba0e-828ac87e9698","de_Name","Verwalten der Ergebnisse aus der Geschäfts- oder Auftragsanalyse"
"b6d9f173-3056-44d2-ba0e-828ac87e9698","de_Desc",""
"b6d9f173-3056-44d2-ba0e-828ac87e9698","en_Name","Manage the business or mission analysis"
"b6d9f173-3056-44d2-ba0e-828ac87e9698","en_Desc",""
"bf0bb9e9-9cf5-47b3-91a9-35ffdcb1e989","de_Name","Verwalten der Betriebsergebnisse"
"bf0bb9e9-9cf5-47b3-91a9-35ffdcb1e989","de_Desc",""
"bf0bb9e9-9cf5-47b3-91a9-35ffdcb1e989","en_Name","Manage results of operation"
"bf0bb9e9-9cf5-47b3-91a9-35ffdcb1e989","en_Desc",""
"bf23c7f3-a5e5-4e6e-a519-dd28bb35e166","de_Name","Festlegen und Autorisieren von Projekten"
"bf23c7f3-a5e5-4e6e-a519-dd28bb35e166","de_Desc",""
"bf23c7f3-a5e5-4e6e-a519-dd28bb35e166","en_Name","Define and authorize projects"
"bf23c7f3-a5e5-4e6e-a519-dd28bb35e166","en_Desc",""
"bf9b292e-49a0-4562-8f7f-b165cf29f7ae","de_Name","Vorbereiten der Wartung"
"bf9b292e-49a0-4562-8f7f-b165cf29f7ae","de_Desc",""
"bf9b292e-49a0-4562-8f7f-b165cf29f7ae","en_Name","Prepare for maintenance"
"bf9b292e-49a0-4562-8f7f-b165cf29f7ae","en_Desc",""
"c21e50a0-63d3-4a00-9e77-a455585e2810","de_Name","Überwachen des Vertrags"
"c21e50a0-63d3-4a00-9e77-a455585e2810","de_Desc",""
"c21e50a0-63d3-4a00-9e77-a455585e2810","en_Name","Monitor the agreement"
"c21e50a0-63d3-4a00-9e77-a455585e2810","en_Desc",""
"c44d632c-fa37-494d-a1d3-f7fbbca39c66","de_Name","Definieren der Stakeholder-Bedarfe"
"c44d632c-fa37-494d-a1d3-f7fbbca39c66","de_Desc",""
"c44d632c-fa37-494d-a1d3-f7fbbca39c66","en_Name","Define stakeholder needs"
"c44d632c-fa37-494d-a1d3-f7fbbca39c66","en_Desc",""
"c827462c-1738-4f39-9a31-bcc01628d2ad","de_Name","Bewerten des Projekts"
"c827462c-1738-4f39-9a31-bcc01628d2ad","de_Desc",""
"c827462c-1738-4f39-9a31-bcc01628d2ad","en_Name","Assess the project"
"c827462c-1738-4f39-9a31-bcc01628d2ad","en_Desc",""
"c9f996ca-6348-4aef-ac13-ec2cae88a3be","de_Name","Vorbereiten der Zulieferung"
"c9f996ca-6348-4aef-ac13-ec2cae88a3be","de_Desc",""
"c9f996ca-6348-4aef-ac13-ec2cae88a3be","en_Name","Prepare for supply"
"c9f996ca-6348-4aef-ac13-ec2cae88a3be","en_Desc",""
"ca9a2eff-0a4f-4cb9-b441-792afe58029c","de_Name","Durchführen der Verifikation"
"ca9a2eff-0a4f-4cb9-b441-792afe58029c","de_Desc",""
"ca9a2eff-0a4f-4cb9-b441-792afe58029c","en_Name","Perform verification"
"ca9a2eff-0a4f-4cb9-b441-792afe58029c","en_Desc",""
"cafd526a-a29f-4fb5-8fa5-30f183586ba4","de_Name","Einrichten der Infrastruktur"
"cafd526a-a29f-4fb5-8fa5-30f183586ba4","de_Desc",""
"cafd526a-a29f-4fb5-8fa5-30f183586ba4","en_Name","Establish the infrastructure"
"cafd526a-a29f-4fb5-8fa5-30f183586ba4","en_Desc",""
"cc42acb5-d268-47a3-95f0-6b70e8a7fb90","de_Name","Fähigkeiten ermitteln"
"cc42acb5-d268-47a3-95f0-6b70e8a7fb90","de_Desc",""
"cc42acb5-d268-47a3-95f0-6b70e8a7fb90","en_Name","Identify skills"
"cc42acb5-d268-47a3-95f0-6b70e8a7fb90","en_Desc",""
"d6505e26-e32b-42d8-bead-f894bbf6ae1e","de_Name","Planen der Messung"
"d6505e26-e32b-42d8-bead-f894bbf6ae1e","de_Desc",""
"d6505e26-e32b-42d8-bead-f894bbf6ae1e","en_Name","Prepare for measurement"
"d6505e26-e32b-42d8-bead-f894bbf6ae1e","en_Desc",""
"d89f0b95-52db-44f4-83db-9dfa796e24bc","de_Name","Verteilen von Wissensbeständen in der Organisation"
"d89f0b95-52db-44f4-83db-9dfa796e24bc","de_Desc",""
"d89f0b95-52db-44f4-83db-9dfa796e24bc","en_Name","Share knowledge assets throughout the organization"
"d89f0b95-52db-44f4-83db-9dfa796e24bc","en_Desc",""
"db04b580-bcd0-46ac-8a21-1af8cf995847","de_Name","Planen des Konfigurationsmanagements"
"db04b580-bcd0-46ac-8a21-1af8cf995847","de_Desc",""
"db04b580-bcd0-46ac-8a21-1af8cf995847","en_Name","Plan configuration management"
"db04b580-bcd0-46ac-8a21-1af8cf995847","en_Desc",""
"dc73650c-61a1-4761-afc8-95d38de90e07","de_Name","Verbinden von Architektur und Entwurf"
"dc73650c-61a1-4761-afc8-95d38de90e07","de_Desc",""
"dc73650c-61a1-4761-afc8-95d38de90e07","en_Name","Relate the architecture to design"
"dc73650c-61a1-4761-afc8-95d38de90e07","en_Desc",""
"de4548fd-b8ed-4b09-8630-4f2e243b77c4","de_Name","Vorbereiten der Definition der Bedarfe und Anforerungen der Stakeholder"
"de4548fd-b8ed-4b09-8630-4f2e243b77c4","de_Desc",""
"de4548fd-b8ed-4b09-8630-4f2e243b77c4","en_Name","Prepare for stakeholder needs and requirementsdefinition"
"de4548fd-b8ed-4b09-8630-4f2e243b77c4","en_Desc",""
"ded057cb-e1bf-478f-a843-c0e5b6eb9df0","de_Name","Beteiligen an einer Ausschreibung"
"ded057cb-e1bf-478f-a843-c0e5b6eb9df0","de_Desc",""
"ded057cb-e1bf-478f-a843-c0e5b6eb9df0","en_Name","Respond to a tender"
"ded057cb-e1bf-478f-a843-c0e5b6eb9df0","en_Desc",""
"def1c566-4dde-4e28-ab21-339097dc558d","de_Name","Vorbereiten der Validierung"
"def1c566-4dde-4e28-ab21-339097dc558d","de_Desc",""
"def1c566-4dde-4e28-ab21-339097dc558d","en_Name","Prepare for validation"
"def1c566-4dde-4e28-ab21-339097dc558d","en_Desc",""
"df6bd85d-05cb-4d90-ba1f-b968dd8abd0c","de_Name","Verwalten der Übergabeergebnisse"
"df6bd85d-05cb-4d90-ba1f-b968dd8abd0c","de_Desc",""
"df6bd85d-05cb-4d90-ba1f-b968dd8abd0c","en_Name","Manage results of transition"
"df6bd85d-05cb-4d90-ba1f-b968dd8abd0c","en_Desc",""
"dff8f430-21e1-4a44-abeb-6eac8020783f","de_Name","Verwalten der Verifikationsergebnisse"
"dff8f430-21e1-4a44-abeb-6eac8020783f","de_Desc",""
"dff8f430-21e1-4a44-abeb-6eac8020783f","en_Name","Manage results of verification"
"dff8f430-21e1-4a44-abeb-6eac8020783f","en_Desc",""
"e0223b91-fefe-42a2-a551-f1e501a63512","de_Name","Abstecken des Lösungsraums"
"e0223b91-fefe-42a2-a551-f1e501a63512","de_Desc",""
"e0223b91-fefe-42a2-a551-f1e501a63512","en_Name","Characterize the solution space"
"e0223b91-fefe-42a2-a551-f1e501a63512","en_Desc",""
"e6aa30dd-2354-4dc4-83ae-7c5e8bab938c","de_Name","Behandeln der Risiken"
"e6aa30dd-2354-4dc4-83ae-7c5e8bab938c","de_Desc",""
"e6aa30dd-2354-4dc4-83ae-7c5e8bab938c","en_Name","Treat risks"
"e6aa30dd-2354-4dc4-83ae-7c5e8bab938c","en_Desc",""
"e7dd065c-c63f-4fcd-8f8a-3bf3c8bde507","de_Name","Durchführen der Logistikunterstützung"
"e7dd065c-c63f-4fcd-8f8a-3bf3c8bde507","de_Desc",""
"e7dd065c-c63f-4fcd-8f8a-3bf3c8bde507","en_Name","Perform logistics support"
"e7dd065c-c63f-4fcd-8f8a-3bf3c8bde507","en_Desc",""
"e87fe7c8-b199-4bff-a4db-4743991f977b","de_Name","Verwalten des Risikoprofils"
"e87fe7c8-b199-4bff-a4db-4743991f977b","de_Desc",""
"e87fe7c8-b199-4bff-a4db-4743991f977b","en_Name","Manage the risk profile"
"e87fe7c8-b199-4bff-a4db-4743991f977b","en_Desc",""
"e9e458be-eab7-4a55-888d-b0de5fdef740","de_Name","bewerten alternativer Lösungsvarianten"
"e9e458be-eab7-4a55-888d-b0de5fdef740","de_Desc",""
"e9e458be-eab7-4a55-888d-b0de5fdef740","en_Name","Evaluate alternative solution classes"
"e9e458be-eab7-4a55-888d-b0de5fdef740","en_Desc",""
"ef957f5f-38df-4d1e-9fe2-1d0c63139bfb","de_Name","Durchführen der Integration: Die Konfigurationen der Systemelemente werden schrittweise integriert, bis das ganze System integriert ist"
"ef957f5f-38df-4d1e-9fe2-1d0c63139bfb","de_Desc",""
"ef957f5f-38df-4d1e-9fe2-1d0c63139bfb","en_Name","Perform integration - Successively integrate system element configurations until the complete system is synthesized"
"ef957f5f-38df-4d1e-9fe2-1d0c63139bfb","en_Desc",""
"f1b0c35b-aa43-446c-ac88-bb80cf3d9531","de_Name","Durchführen der Umsetzung"
"f1b0c35b-aa43-446c-ac88-bb80cf3d9531","de_Desc",""
"f1b0c35b-aa43-446c-ac88-bb80cf3d9531","en_Name","Perform implementation"
"f1b0c35b-aa43-446c-ac88-bb80cf3d9531","en_Desc",""
"f71a2fcb-318b-402f-9c95-f812ee9f4677","de_Name","Planen des Risikomanagements"
"f71a2fcb-318b-402f-9c95-f812ee9f4677","de_Desc",""
"f71a2fcb-318b-402f-9c95-f812ee9f4677","en_Name","Plan risk management"
"f71a2fcb-318b-402f-9c95-f812ee9f4677","en_Desc",""
"fb3a082c-4a52-41b6-acc8-b8cf27d858f6","de_Name","Einrichten des Prozesses"
"fb3a082c-4a52-41b6-acc8-b8cf27d858f6","de_Desc",""
"fb3a082c-4a52-41b6-acc8-b8cf27d858f6","en_Name","Establish the process"
"fb3a082c-4a52-41b6-acc8-b8cf27d858f6","en_Desc",""
"fb59859b-a511-4ef8-aef0-3c0ca11850ab","de_Name","Durchführen der Freigabesteuerung"
"fb59859b-a511-4ef8-aef0-3c0ca11850ab","de_Desc",""
"fb59859b-a511-4ef8-aef0-3c0ca11850ab","en_Name","Perform release control"
"fb59859b-a511-4ef8-aef0-3c0ca11850ab","en_Desc",""
"fb5daa60-be78-4f66-918f-9518e0fca3aa","de_Name","Verwalten von Wissen, Fertigkeiten und Wissensbeständen"
"fb5daa60-be78-4f66-918f-9518e0fca3aa","de_Desc",""
"fb5daa60-be78-4f66-918f-9518e0fca3aa","en_Name","Manage knowledge, skills and knowledge assets"
"fb5daa60-be78-4f66-918f-9518e0fca3aa","en_Desc",""
"fc6d51cc-0388-4a6e-bc15-d4d93b366fe7","de_Name","Verwalten der ermittelten Bedarfe und Anforderungen der Stakeholder"
"fc6d51cc-0388-4a6e-bc15-d4d93b366fe7","de_Desc",""
"fc6d51cc-0388-4a6e-bc15-d4d93b366fe7","en_Name","Manage the stakeholder needs and requirements definition"
"fc6d51cc-0388-4a6e-bc15-d4d93b366fe7","en_Desc",""
"018ad8de-9e67-4bb6-9991-67a4d78d7986","Access_Type","Write"
"01e06071-b367-4a94-bcde-f09ba3801aca","Access_Type","Read"
"01ef1390-af37-46b1-a40e-4f6a4a3a6d62","Access_Type","Read"
"035a7328-e187-4c7c-a889-0761cbfa956f","Access_Type","Write"
"050e4fd5-9631-4bbc-ab9b-b858f2dfd328","Access_Type","Write"
"0555b232-4383-4988-96d7-d265c292f3f4","Access_Type","Write"
"055a87d9-934c-4f2d-99aa-0c97338b35f9","Access_Type","Write"
"06540281-2117-445e-96b9-f9a0fdfac21e","Access_Type","Write"
"06650eca-bde0-48f9-a119-53225ca2baa9","Access_Type","Read"
"07d77a0f-4fbc-4f24-b212-a76c4d4618b7","Access_Type","Write"
"0880694d-c392-4852-b641-f85b726f4c7e","Access_Type","Read"
"0929229b-29b6-452f-b8b0-a71545e76a46","Access_Type","Read"
"0bb567d8-97c5-4f23-a3e7-d806a1818e23","Access_Type","Read"
"0d79ab71-de37-48a3-91a0-7bf74d90a6c3","Access_Type","Read"
"0da1053c-7d42-4b0a-bc5b-048157d03737","Access_Type","Read"
"0dc387ce-29d3-4d01-9233-dcfc34b2b22e","Access_Type","Write"
"0e9c0075-bd46-4307-bc24-8cff421d5b76","Access_Type","Write"
"0ecd2ea3-acc2-4bb8-97d7-69d1746b11c5","Access_Type","Write"
"112e821c-2035-410c-b600-85c8f1dc3dee","Access_Type","Read"
"11426db5-0e25-43af-b51e-b36e0488cf3d","Access_Type","Write"
"11e8d53f-a73c-4e4e-8d31-f2a9be46e378","Access_Type","Write"
"14192f50-92e0-4366-9ff4-1fa13cf0525f","Access_Type","Write"
"149a3236-aa6a-492b-b764-0a77e98e6155","Access_Type","Read"
"14d7bdce-0492-4867-bd44-d1dc5d5b17e8","Access_Type","Write"
"15fbc349-738f-4b34-8df6-2f10bbe4fad0","Access_Type","Write"
"165faa0d-2c9d-415f-9444-e5ae6b4e6528","Access_Type","Write"
"1a26aea3-d96b-4169-be95-2ff18bda3e89","Access_Type","Read"
"1aad51d8-033c-4854-9b0d-ca1a5c31fde5","Access_Type","Write"
"1bee7b6a-2bbf-4f2f-9d05-e9d70199357e","Access_Type","Read"
"1c756ede-dbc8-4dee-b550-525bd1530ee4","Access_Type","Read"
"1c83ecda-94ed-4712-970e-123392f7fd28","Access_Type","Read"
"1ccaaf34-56aa-4b4b-89db-6aa042c57ea9","Access_Type","Write"
"1cdb8fbf-c79b-48af-910c-28896a93ca40","Access_Type","Write"
"1d082a81-211b-41fb-9b7c-3c1dfb7d90fa","Access_Type","Write"
"1d47d4d4-be43-4ba3-b74a-5ef3be3547e9","Access_Type","Write"
"1d6e30e0-f454-4258-b24e-dbc6b461d13c","Access_Type","Read"
"1e13ce04-9771-4ae0-b60f-960f81070648","Access_Type","Write"
"1e61c23c-0a8e-4450-b783-41b90d578d59","Access_Type","Write"
"1fe6b2ba-bab7-44ef-a470-4d23d40b3245","Access_Type","Read"
"202f4cb0-d7f2-4650-924c-1da3b31d6caf","Access_Type","Write"
"206e0c0c-20f6-44f0-b28e-9317c29fc749","Access_Type","Read"
"220646f8-186e-4b04-8dae-1009361a670e","Access_Type","Write"
"2212ebc2-cceb-4a84-a960-a8617d33f130","Access_Type","Write"
"2269d89b-bc6f-460e-b1b5-1526f38acf01","Access_Type","Read"
"237d7ea7-f1bc-44d1-aee8-f333f81cefff","Access_Type","Read"
"23aea094-c480-4ee3-b7b9-7d59fc184f00","Access_Type","Write"
"24df20a5-1407-45e9-9964-892a288209c3","Access_Type","Read"
"257bd24e-bd1d-41c1-bf95-c0d29eccf46b","Access_Type","Read"
"285afe0e-6920-48bb-85dc-0794f5eb2ad8","Access_Type","Write"
"2999ce66-6dbb-49dc-a3c6-b7bde129e2e8","Access_Type","Write"
"2a0d27f9-80d2-4f50-99e8-497e3e011aad","Access_Type","Read"
"2a471700-e336-44f9-98b3-bfcf5526f8b5","Access_Type","Write"
"2ac1869d-09de-486c-b7f1-519670146a34","Access_Type","Read"
"2b2ec001-78dc-4d18-ab59-a47dff27e7c9","Access_Type","Read"
"2b7c0ff6-275c-41e8-8a10-e81f204efdb9","Access_Type","Read"
"2c33c582-0dbc-47a6-9e20-e81a37428405","Access_Type","Write"
"2c550b4b-a3d7-4a19-ac50-0279021beb26","Access_Type","Read"
"2c5db6d2-bfff-4196-9f93-77ed2904b5a6","Access_Type","Read"
"2c7538f5-8d0d-4427-9b96-febae31281d9","Access_Type","Write"
"2cf6bb08-7567-4740-8eb4-4a14a1c6c0c1","Access_Type","Write"
"2cf6df3f-4d1f-4922-a6dc-d561b073a5d0","Access_Type","Read"
"2d0022e3-43dc-4e65-8b12-f62c66203dea","Access_Type","Read"
"2e182a72-f32b-431f-ac3e-204c68f27437","Access_Type","Write"
"2e9be134-d14b-4b1b-9bcf-b241e8676bc0","Access_Type","Write"
"2f62914a-275b-43cd-9613-e02c5e4a00b3","Access_Type","Write"
"2fbcefbc-6632-4d13-9826-9d0941057fe9","Access_Type","Write"
"2fd6c254-0cd2-4a4a-9a55-1894b92bd261","Access_Type","Read"
"2ff2cfbc-2ea2-40d4-8a09-1833b940be95","Access_Type","Write"
"301c43c9-a050-4388-9aa5-d30b0976971d","Access_Type","Read"
"34687867-a60e-4380-9263-374f0715db49","Access_Type","Read"
"347f0977-b8dc-4665-beeb-b182ee414db1","Access_Type","Read"
"3506c29e-b36e-4e47-9315-a80bf17466f8","Access_Type","Write"
"378ff198-6665-4c6b-a0e0-846fb0cf16f9","Access_Type","Read"
"37e2c819-ac58-4fc3-9a81-3ad34920c7b4","Access_Type","Read"
"38aac739-43c7-4026-8d25-b703f2f1a468","Access_Type","Write"
"398d63ca-743e-4db5-9c63-79d239836a09","Access_Type","Read"
"3a40bd35-6cea-4b53-8305-9764f2bffa6d","Access_Type","Write"
"3a8b3b54-4093-42fc-8b0b-fbf0f151272e","Access_Type","Write"
"3c5e2a8d-acab-4a18-95bf-e2f3649715bb","Access_Type","Read"
"3e529b65-d814-4713-a722-52481ea048cd","Access_Type","Write"
"3ebf72e2-eed0-4893-ab22-4d5021fdab47","Access_Type","Read"
"3f30c4d4-3155-4101-8d7f-c41f9f8b4a30","Access_Type","Write"
"3f98bc57-7727-4d82-827b-c297bf97f051","Access_Type","Read"
"40aef9ba-3100-412b-ad6f-19eae351d2c7","Access_Type","Write"
"41fce59b-4ae5-4886-83a8-6c15b98834da","Access_Type","Read"
"446eb0c6-219c-4eb9-8ac6-de5c7e804f7d","Access_Type","Write"
"4473f69e-b867-4401-8223-7394857e0fbf","Access_Type","Read"
"44d7d256-abeb-4873-a67a-6819d3f80563","Access_Type","Read"
"44fa6efc-93c6-4688-a211-fce132ab681e","Access_Type","Write"
"4661a59a-ccd2-480d-862c-7f2f95223d6c","Access_Type","Write"
"46848254-d001-40dc-9475-054e876b2802","Access_Type","Write"
"46ad2716-2834-4e6e-8b56-42c272a3805a","Access_Type","Read"
"47b73575-bd25-414e-b1bd-9c92c2dc9389","Access_Type","Write"
"47cec560-4f9c-4d16-94f1-1d835b296e73","Access_Type","Read"
"48a582c8-c95d-41b3-b45e-12cfb0639fd3","Access_Type","Read"
"49805334-a391-4046-b60a-b6949edc944d","Access_Type","Read"
"4ac1657a-c3cc-44ad-8cff-a74beb7eea23","Access_Type","Read"
"4b7061ab-a931-4827-971c-139fe86dde67","Access_Type","Read"
"4ba34a3e-c5ad-4e14-bdb0-836663b0b6a6","Access_Type","Write"
"4bcb3017-9f32-4fda-81a5-b35abac2501c","Access_Type","Read"
"4cf2ecc0-68aa-4e1e-9cfc-23e484e430c0","Access_Type","Read"
"4de2cdd4-7e0f-431e-9c17-1f9a6fcdc9b9","Access_Type","Write"
"4e887e78-64a4-4975-937b-02c14acd3c40","Access_Type","Read"
"4e9698d6-b068-4afd-ae76-ab923dcaed2c","Access_Type","Write"
"4f5dcc29-94dc-4bd8-bc09-98dc473b05f0","Access_Type","Write"
"50005547-56fe-4c82-ab62-66d485e6d574","Access_Type","Write"
"5006c723-0f81-4332-82a7-35dbacedf1fd","Access_Type","Read"
"54012268-cead-426a-9100-f37768623046","Access_Type","Write"
"54a4ea7e-8a62-4c12-9968-4a3851810986","Access_Type","Read"
"55c4558e-2234-437b-9108-8bcf4b52f44e","Access_Type","Read"
"55e198a5-2565-4f00-afd2-ef31b90f3eb1","Access_Type","Read"
"56b772e3-05f5-4c6d-aa82-c1bf1d6e6bf1","Access_Type","Write"
"56b864dc-fdff-49b7-9a4b-40f8d36e5cfb","Access_Type","Write"
"56c87866-e612-4ffd-b3d0-5821a2190e54","Access_Type","Write"
"5704b73d-e3c6-4a61-93d8-859037979743","Access_Type","Read"
"570f9c24-bfee-4164-a56b-705f4eb08ed3","Access_Type","Read"
"57dbf33e-8b48-43fd-8e82-fc5e643baa3b","Access_Type","Read"
"584bb6ea-7caf-483c-84f6-346abd5242a1","Access_Type","Read"
"5a068ea7-ae82-457d-9b7e-87f813e8fbf2","Access_Type","Read"
"5aa12bd8-916f-4869-a790-8f0d1428264b","Access_Type","Write"
"5acb7186-67b3-4338-95b3-842338538501","Access_Type","Read"
"5acca2c5-5a74-4a3f-9afc-075ecf189c52","Access_Type","Read"
"5bb229ad-17d0-4945-b115-d40ac8acc739","Access_Type","Write"
"5bf6d766-023d-4e44-9341-aa0d55dc40e0","Access_Type","Write"
"5c158de5-fe45-42a3-a42b-a9bf48593dcf","Access_Type","Write"
"5c946304-b9db-45db-b84e-d74ef96a448d","Access_Type","Write"
"5daae475-dd6f-47c7-976a-8e4ab67fd54e","Access_Type","Read"
"5dea812f-8066-48ed-87b7-88d676c27e00","Access_Type","Write"
"5e1daeb6-801d-4184-a2b8-5c278b7f43df","Access_Type","Write"
"5ec8faa0-12a5-4b15-97b5-189d8e970c70","Access_Type","Write"
"5fd9f231-c4ab-430a-927e-586923c0c810","Access_Type","Read"
"60b139e3-3217-490b-b353-e7cc0c1c4b16","Access_Type","Read"
"60cfacb5-dbbb-4861-a9bf-264504eaa845","Access_Type","Read"
"6208a8fa-a6e9-4422-b661-6c4e6d4f7f2e","Access_Type","Write"
"662e66f0-e2a6-4709-a4a4-5b3daaffb65c","Access_Type","Write"
"67c4ad8c-4a29-4ba0-8d5b-dfaa2d982f0e","Access_Type","Read"
"69efcca8-a7f2-46f7-9d5e-9a316d2a25f8","Access_Type","Read"
"6a0c0eeb-ad44-4733-914b-f1b7f0fd9fa6","Access_Type","Write"
"6af5689e-6590-494e-b2c4-960d14d6f753","Access_Type","Write"
"6b30c146-0c20-4853-8659-68338f0d9aff","Access_Type","Write"
"6bc5a354-a671-4ef8-b851-596ad2b8e21e","Access_Type","Read"
"6bdfe593-563d-4adf-9599-8d78837858ba","Access_Type","Write"
"6c3f11f5-d69c-4e0c-9fc7-493f605acca8","Access_Type","Read"
"6da46766-c62c-4dd4-a1f2-127ea9dc7b0a","Access_Type","Write"
"6e8a5b99-a97e-4172-bea1-b7378334e1a7","Access_Type","Write"
"7079fee6-2826-4b46-bf65-38f2c67cc30f","Access_Type","Read"
"707f016f-cd2a-465f-9ac3-ba01a275d356","Access_Type","Read"
"7227f1ed-a8de-4bb2-8a1e-35aee165100a","Access_Type","Read"
"72fa3913-8ce2-4431-9534-7557b262b339","Access_Type","Read"
"7455512b-a34b-405c-88bc-c316378b0aad","Access_Type","Read"
"76135e60-a981-4124-97fc-14f64e4d8ee8","Access_Type","Write"
"76e4e93c-2326-4351-8add-e9e62ec98d0f","Access_Type","Write"
"7820b70d-b169-4699-9d0e-9e3fb77a73cb","Access_Type","Read"
"784cb71e-daaf-4d7f-835f-b8d01d9cd1c8","Access_Type","Write"
"7a5a65c9-79ee-4817-b9dd-9e1074ac5efd","Access_Type","Write"
"7b07b45e-65d4-4a25-85b0-3615cfac247e","Access_Type","Write"
"7b3cc65e-2b4e-4b6c-9024-0c75fbd5feab","Access_Type","Write"
"7b487d70-c802-47f2-a801-bf80b979d1fa","Access_Type","Read"
"7bca148f-76c7-4605-8a42-cc600a3fd199","Access_Type","Read"
"7c028fbf-7f33-443b-bb7c-74382765354a","Access_Type","Read"
"7d43acf7-4ead-4edf-9150-9f15d8c853c9","Access_Type","Write"
"7dee6467-ae90-42b2-af64-e9036117255d","Access_Type","Read"
"7f442992-e83b-4ae7-8f65-c0efe09005cc","Access_Type","Write"
"7f5d71f7-d862-49cc-9994-635649559ff4","Access_Type","Read"
"7fafcac8-6b91-4b36-a5d1-f1e4e645a223","Access_Type","Write"
"7fc557ca-9115-4f0b-aaac-8805e693b882","Access_Type","Read"
"7ff60c37-beb8-4017-8088-b72b8ba13fba","Access_Type","Write"
"80603a4e-b953-4920-87ba-db8648995f0e","Access_Type","Write"
"80c8923f-8761-46a2-a91d-3d88c6674376","Access_Type","Read"
"80dd63e4-2696-41d7-8d66-eca48ac172c7","Access_Type","Read"
"812a6af1-625e-4fbf-a689-c6aa1b3e08d2","Access_Type","Read"
"81fb7025-9f67-4a42-942c-f8875df31dba","Access_Type","Read"
"82ff7f34-1a5f-49b0-864a-9b6e7c0cad4e","Access_Type","Read"
"830edbb3-904c-4324-9f2f-27c5798862fe","Access_Type","Write"
"831ab8c4-df0a-46a2-abae-709c4118a547","Access_Type","Write"
"83253eca-48c4-4fb1-8f6b-a5f0dfa339bf","Access_Type","Read"
"83ff047e-6a53-44e7-a486-8230c6980e5e","Access_Type","Write"
"84804771-d11e-4c86-8c32-ece1313879ad","Access_Type","Read"
"85155784-3028-40a9-9f09-f77dfa2f9405","Access_Type","Read"
"856d8215-79ae-45a8-9c00-368bbdc00f52","Access_Type","Write"
"85dca39d-054a-4a0b-9824-03fafc5606ef","Access_Type","Write"
"8713c396-2d48-4f68-a7aa-d1e914c08eef","Access_Type","Read"
"8734d354-4a79-4494-a53f-5c8b528dc600","Access_Type","Read"
"877c4602-182b-4d7a-982f-8758ffb5aba6","Access_Type","Write"
"880aaf2c-dd1c-47fb-a68c-5215626bdc38","Access_Type","Write"
"89787759-b965-44b8-8032-5cbc74411acd","Access_Type","Write"
"8af27f73-5fba-40b6-8e78-f8ec8a5465ab","Access_Type","Read"
"8b63616b-68ac-4530-9d9c-fea8b0a33365","Access_Type","Read"
"8b934e34-9a95-4303-8e50-b28d7028ce68","Access_Type","Write"
"8d616e63-f472-47bf-8c6b-8a52360ec5b7","Access_Type","Write"
"8d830461-26f5-4c85-8608-752c9ad459e7","Access_Type","Read"
"8e153ff7-f65f-4cab-84d2-e0fa3e1175bb","Access_Type","Write"
"8e6686f8-7175-4cdb-b3cb-aa55e04dab59","Access_Type","Write"
"8e8c7783-ce00-4e8c-b975-db123cd69c5d","Access_Type","Write"
"8ebd17d1-3ce4-4be1-b0e2-e56d501a5b0b","Access_Type","Write"
"8ed2fd0f-8232-416c-b56f-7dcaf0729417","Access_Type","Read"
"8f540419-19e7-4e3b-a30e-25a185b24384","Access_Type","Write"
"90ee596c-f602-4bd2-aafe-cc411a037511","Access_Type","Write"
"9479d97a-d0e7-4078-9f54-284a645577a0","Access_Type","Write"
"9605628c-df78-4eb8-a71a-02a94c2c6c5b","Access_Type","Read"
"9622de12-ca4f-4afe-8b56-36dcfb5dc239","Access_Type","Write"
"98c5d1b6-7a90-400c-b744-1cff914ad62c","Access_Type","Read"
"9959dfaa-47a1-4eff-acfa-1fabf12a73b1","Access_Type","Write"
"995f29a5-7fb8-48b2-85fb-abe3f9164c6b","Access_Type","Write"
"99cae0ed-3d91-4d5a-85c9-ce6f66c46799","Access_Type","Read"
"9a113a61-876a-4862-bde3-ffa8bc68c1df","Access_Type","Read"
"9a69d2c3-cc3a-4e85-8b45-dd74a32f20d2","Access_Type","Write"
"9c509f07-b1bc-41d8-b3fe-a787b4446949","Access_Type","Write"
"9c5eac37-dd21-405e-a503-657cb09c2074","Access_Type","Write"
"9f0389b5-e631-4ff1-ba00-cb24967427d1","Access_Type","Write"
"9f280695-a6f5-437e-9944-16b20c75e84d","Access_Type","Write"
"9f71dff0-147b-4ae8-ba55-ae73be1c0402","Access_Type","Read"
"9f72826a-e9ca-442c-a4a4-eb99eb7f232c","Access_Type","Read"
"9fe16d7b-9a64-490a-9369-a1bac40a75c1","Access_Type","Read"
"a0183dbc-d766-4e50-8529-dae2e033b201","Access_Type","Write"
"a021ec02-60d0-4ed3-b6ff-9a41bcf76cea","Access_Type","Write"
"a0224477-2be9-4259-a9d2-0cc6cee4191d","Access_Type","Write"
"a0566b00-1419-4d1e-9175-c0ec0729a11f","Access_Type","Write"
"a17d6bbf-4eff-469e-9f05-174e51850eb9","Access_Type","Write"
"a1cf832d-fe73-4e30-9f68-544c3cb14109","Access_Type","Write"
"a271d6fa-c137-4e4b-b5bb-86a3817270db","Access_Type","Write"
"a336e1a8-8143-499d-b307-cd0ca1936a6f","Access_Type","Write"
"a41f0f93-adf7-482e-b997-6162b48e5282","Access_Type","Read"
"a4b14f3a-b995-41bb-bd4e-77639145280b","Access_Type","Read"
"a4f015c3-b184-46bf-85f7-aa4231c16438","Access_Type","Read"
"a66b8bfc-2d86-4b80-86bc-6f629b0ce222","Access_Type","Read"
"a6a05d8e-d9e5-4ccc-9784-7cd142aa3935","Access_Type","Write"
"a6b4d830-df96-49a1-ae08-59cf83dd0693","Access_Type","Write"
"a7f87df1-011f-49de-98ab-6272e42bdb95","Access_Type","Write"
"a82180ee-37fa-4731-9780-85734790b52b","Access_Type","Write"
"a842c6e2-38d4-4f98-a0ba-d230632f3775","Access_Type","Write"
"a91fa8c9-45ec-44db-b239-d69f39100f94","Access_Type","Write"
"aa75fb55-9ac3-4bf7-b576-df0da1cbc515","Access_Type","Read"
"aa83a0ef-72e8-4ca6-a915-a66367d59933","Access_Type","Write"
"ac773480-ed2a-4f37-8c55-114dfa3d8a9e","Access_Type","Read"
"ad9c8e0a-b26f-41af-857f-606a18e23c3a","Access_Type","Write"
"ae0055a6-4a37-45a9-b22f-7b90bd5d0c85","Access_Type","Write"
"ae72ed51-3b5e-4611-bcf4-5f14c854cf2c","Access_Type","Read"
"af94d97c-20b0-4b0f-a64b-00cb877fb817","Access_Type","Write"
"b055ab69-10b3-480b-a623-e1a4f9b85371","Access_Type","Write"
"b074f326-6695-4b88-85a4-20c77406175f","Access_Type","Read"
"b08b68cb-1cd5-400d-a07f-a9645e5c5c7e","Access_Type","Read"
"b151c615-bb4b-473c-90a0-b4384040fe68","Access_Type","Read"
"b27d9637-993a-4b5d-bb44-c8f23103f390","Access_Type","Write"
"b314b597-31c0-495b-9bb4-6d8ff3c4ba97","Access_Type","Write"
"b35645a5-1a70-4813-8dc5-485d7c4416ad","Access_Type","Read"
"b412c574-68a3-4085-9ae3-e99c27ebb941","Access_Type","Write"
"b4d6f9a3-d050-49c3-90d7-8023e909cbbd","Access_Type","Write"
"b5819711-4148-4720-955c-efdccb7e6347","Access_Type","Write"
"b6267e56-8004-44cc-8e58-4249881df115","Access_Type","Write"
"b65f26f3-6f02-47f2-84e9-4a6299820373","Access_Type","Read"
"b6609c80-51d1-424e-88af-0060f6f68a65","Access_Type","Read"
"b7981598-3cef-4c01-87f5-5d53012bb9e2","Access_Type","Read"
"b79984a2-edae-419e-928a-51fc5a5a4eff","Access_Type","Write"
"b811dea0-77a8-433a-ae94-c86a35f61d66","Access_Type","Read"
"b906b992-2125-474b-b6d2-1eb7937ccec5","Access_Type","Read"
"babb8cec-bb78-49c7-b62c-36ac260212a7","Access_Type","Read"
"bafb202e-acf6-42d0-8533-0e47649e8064","Access_Type","Read"
"bba5c7d4-a61b-4ff1-9dc0-fe3098e8a55d","Access_Type","Read"
"bcdfcbab-2e37-4869-bd89-d7c0dddf88ca","Access_Type","Write"
"bd78ecf9-1c8b-4c4c-b6fc-b17006aee7cf","Access_Type","Write"
"bf5a65ae-7f1b-488f-86c3-44a5db0fd533","Access_Type","Write"
"c00bd244-8c85-4b44-b21a-10a913664c79","Access_Type","Read"
"c0a0af20-11ab-426c-a1ba-9790933461f3","Access_Type","Write"
"c0cf633b-9744-43ae-ad34-a6ef0e910f7d","Access_Type","Read"
"c13a6973-bf5b-438d-a8a3-c5d0117f9799","Access_Type","Read"
"c2046066-18d5-44e4-ba19-af9baf7d5dbc","Access_Type","Write"
"c2461c7f-49ad-454d-b81c-886a33406fd5","Access_Type","Read"
"c2487c1a-e9f5-4777-9c76-43434d009f1b","Access_Type","Write"
"c25f82e9-438d-46bd-ab49-a263caf5d875","Access_Type","Write"
"c29d5814-d27c-404c-97fc-e3eb58536e15","Access_Type","Read"
"c2c438ff-3dc6-40fa-b9d6-268ee90cdf7c","Access_Type","Read"
"c2dd230e-cfe8-428e-8a3d-bbf25cf99e2f","Access_Type","Write"
"c4159080-28f7-4a3e-bcda-157ad3672496","Access_Type","Write"
"c4570fe5-b915-42eb-b5e9-a244fb7ebbb5","Access_Type","Read"
"c4745f0e-cb6a-4c30-a0d1-a184a54993d3","Access_Type","Read"
"c514ac30-03f0-44f2-8b37-472065e6d5c3","Access_Type","Write"
"c5ea9700-4050-48c1-8612-ac751ca03a51","Access_Type","Write"
"c78b52de-48d8-47ff-8a70-5add057d840c","Access_Type","Read"
"c854f7b5-734e-44f2-9ea2-30bf10060b64","Access_Type","Read"
"c90400e9-3a91-4e7d-8d0b-06ff4a3af83d","Access_Type","Read"
"c9d81381-99df-4647-84b0-a663e25dc035","Access_Type","Write"
"cbf7bcf8-c308-4ebf-bee8-9396a5d986bf","Access_Type","Read"
"cc0fddf9-6274-4b96-ab4b-1f076edeadf6","Access_Type","Write"
"cc83c97c-d979-4448-bd37-1f0e54f3fd0a","Access_Type","Write"
"cd090096-5bcb-48fb-badf-ac2b4672608f","Access_Type","Write"
"cd150c77-afb5-4ab3-ac43-c2a1eb081358","Access_Type","Write"
"cd5baac5-f643-4e3d-9adc-fcb761826505","Access_Type","Write"
"cd7c8111-e5bd-4eb1-b898-63c78c06d0e9","Access_Type","Read"
"cee0bee3-93e4-46a3-a91b-9c9f5d5ef68f","Access_Type","Write"
"cef868fa-6be9-4da8-bfb8-83387000e8a1","Access_Type","Read"
"cf01ec6f-20af-417b-bbb6-0cdd6b5a8c79","Access_Type","Write"
"cf85196c-f985-45b5-b5b1-e89dc810988d","Access_Type","Read"
"d162cd02-2d80-4311-a32c-9c9bf5da335d","Access_Type","Write"
"d172df74-f999-4815-befa-bdb9fb83d557","Access_Type","Read"
"d1dbee9b-ecce-4a55-957c-1643a230b860","Access_Type","Write"
"d289fbb5-869e-4d4e-9775-4cf323becc7f","Access_Type","Read"
"d296afad-60cc-4c2a-b266-309401845949","Access_Type","Read"
"d2c6c673-c3fb-4ed8-afc1-37e912621a4a","Access_Type","Read"
"d33bded6-663d-414e-b378-514d8fc38eeb","Access_Type","Write"
"d37852f1-7d54-4656-be9b-456a04290fc2","Access_Type","Write"
"d459f65b-c4f9-470b-b959-1a3376d62ca9","Access_Type","Write"
"d4c6e089-a19e-4f6e-8c99-c36209364f3d","Access_Type","Write"
"d5098034-9941-421c-a4f1-71fc3dc92717","Access_Type","Read"
"d657210d-eb32-4518-9634-c4048110fc68","Access_Type","Read"
"d65cba8b-9902-4b9c-aa71-72ee0cf2d07e","Access_Type","Write"
"d878be83-f44c-4513-a60c-7b5383975dab","Access_Type","Read"
"dab71292-7def-4947-8d1c-4458d1bbf595","Access_Type","Write"
"dbb7ab90-6e78-47ae-b73c-23c8e8d698c2","Access_Type","Write"
"dbffbf1c-960e-4f23-85e2-d9403ea3b6c5","Access_Type","Write"
"dc2ad6ba-3454-4865-b5b2-c287a7f09aec","Access_Type","Read"
"dd1cf569-fb7a-49d4-8492-3f31dcb4f62e","Access_Type","Write"
"dd6a622e-5deb-4001-8eff-48e2f5ee538a","Access_Type","Read"
"dd7eb079-afc6-4a8a-be3c-3bc033ce5054","Access_Type","Read"
"dde592fc-0976-4666-a799-0b5a7930eec1","Access_Type","Write"
"de2b37c7-33cd-41d5-8b96-898e3c62d259","Access_Type","Write"
"dee283c6-ebb5-4fa5-bf91-6245e6545157","Access_Type","Read"
"df52b917-5c60-4a9c-a218-a28626f9c8b5","Access_Type","Write"
"dfd33552-836f-4fa2-b7f0-010304f26b3e","Access_Type","Read"
"e0df5b7c-0ca8-4019-95b0-6fe01c14aaf1","Access_Type","Read"
"e1072fa9-05f6-47a8-8988-36cec5b38af1","Access_Type","Read"
"e23cbbaa-3512-4efe-b25f-6edb925732cb","Access_Type","Read"
"e3142ad8-61e8-4319-800d-f161d6445c3d","Access_Type","Read"
"e350f8ab-e8dd-4a2e-8a6b-b4e1de07933a","Access_Type","Read"
"e3edf039-2db4-40c5-8225-7436b281114b","Access_Type","Read"
"e4760c0f-b42a-4f5e-b9e3-aeae6daa06bd","Access_Type","Read"
"e5650047-94d7-4436-a670-86cbf5027637","Access_Type","Read"
"e5c1722e-4880-4b19-8e9a-b98d69afba62","Access_Type","Read"
"e5cfcf13-e20c-42e3-903e-2b0825f0a166","Access_Type","Write"
"e7d8eded-b5a0-4a3c-9353-3d519f55ccaf","Access_Type","Read"
"e85d6e19-8d3f-4b4b-8a55-e14d0a124803","Access_Type","Read"
"e8e24b5d-e272-4bb7-8754-f75e6510e0c4","Access_Type","Write"
"e91ef86a-7ca6-4ab4-8bd2-feea581f204c","Access_Type","Write"
"e991b121-4c33-431b-b0e9-60823d07a9cb","Access_Type","Write"
"e9b33eab-d805-4b2c-88d2-dd6800e17488","Access_Type","Read"
"ea590795-150c-48d3-837d-c9403b67788e","Access_Type","Write"
"eb610bb7-ceba-4b24-998c-ef9207192fc5","Access_Type","Write"
"ed217fd1-0874-4394-9404-a02c98f2b6c3","Access_Type","Write"
"ed7482cc-c070-4d82-b700-d1db1aec261a","Access_Type","Write"
"ee70e43b-1415-4e1f-8e1a-3eaeee0a51dd","Access_Type","Write"
"ee904630-8b74-4dac-9fd5-50d4ae544769","Access_Type","Read"
"effb30f4-5daf-4a47-97df-d9e5d9bedec4","Access_Type","Read"
"f084748f-f129-41cf-b695-b866319f3e6b","Access_Type","Write"
"f1765707-200e-44f9-b949-7d0d621dcae6","Access_Type","Read"
"f1d8578b-91f4-4909-ad90-07642b366aff","Access_Type","Write"
"f25af760-29f6-46ec-9f98-b55237910318","Access_Type","Read"
"f25cf84c-c233-4d59-97b8-ffd298ac84ba","Access_Type","Write"
"f25fa796-cac5-4300-b475-7b115b90689e","Access_Type","Write"
"f2b48e66-c9b0-46d1-b6ed-c251fd2d0b65","Access_Type","Write"
"f3273956-13d4-4bdf-a559-6015d660c496","Access_Type","Write"
"f3ec60a6-f517-4f94-ab13-f29582bde61b","Access_Type","Write"
"f42c7c89-e716-4380-9595-e10111ee8e75","Access_Type","Read"
"f4b79ab2-414f-4dcd-9860-5487aa29077b","Access_Type","Read"
"f6f06d37-7119-4e11-8b30-44dc84141ae9","Access_Type","Read"
"f75bdc05-da03-4a71-913f-a5647345a8ec","Access_Type","Write"
"f79c3fff-78c7-4011-9a1a-22bca78cb9cf","Access_Type","Write"
"f824697d-c7a2-4f64-8fd7-4543821b94ed","Access_Type","Write"
"f86ebe65-e744-4ab9-9a2e-12a243f681f0","Access_Type","Read"
"f945ef58-859a-4aec-bd25-00982473ee06","Access_Type","Read"
"f94eb174-b7ca-4a24-b0c1-7542f603543f","Access_Type","Write"
"fbcfd08c-5855-47e4-b6bd-36e02e7aa17d","Access_Type","Write"
"fc300684-8b72-4f40-a1b9-7f5173cf66e9","Access_Type","Write"
"fd8a7614-3510-4c38-9bc2-f09071e019b3","Access_Type","Read"
"fedb40c0-24d9-4c62-876d-92c02166e3c8","Access_Type","Write"
"ff42b3ac-504c-4ef6-9e94-c2b196aeff13","Access_Type","Write"
"111ddb06-952d-470b-956d-464c4ad81f28","Influence_Strength","3"
"d8bb4d02-b99d-4fbb-b197-468dd2416200","Influence_Strength","3"
"41576511-1558-4914-911e-113d386e84de","Influence_Strength","3"
"d3f1845c-8219-447a-b09f-28aaaf7c6a9c","Influence_Strength","3"
"f1adb05e-2899-458c-846b-084a70276b4f","Influence_Strength","1"
"c2eb730e-0be0-48da-a206-3deb2b0180b7","Influence_Strength","1"
"b5b75ca0-09bb-4f76-8044-aa24cf3d7044","Influence_Strength","3"
"331946e2-76a0-4553-8335-256fea7a2935","Influence_Strength","3"
"1e8f14b7-b26f-46a9-bd09-a10f8f427671","Influence_Strength","1"
"d9fd44f1-861e-45aa-8582-51b65202d92b","Influence_Strength","1"
"e2294978-0f54-48aa-8d01-e5c7a186f511","Influence_Strength","1"
"768013b4-b372-4c7b-b699-6ba9124a0795","Influence_Strength","3"
"8aa6c5b6-a0d3-4146-b21d-d434db484e44","Influence_Strength","1"
"c6c4e570-5e28-494f-8203-add0ac1bcbbf","Influence_Strength","1"
"c6cdc297-5c3a-40f4-8ea4-eaadcbe870dc","Influence_Strength","1"
"id-ad283f8843bb44c6850f1c4278600857","Access_Type","Read"